file_name,initial_velocity_cgs,weber,bond,ohnesorge,parent_folder,number_of_harmonics,max_width,contact_time_ms,coef_restitution,north_pole_min_height,north_pole_exp_min_height,max_contact_radius,spread_time_ms,spread_time_width_ms
simulation 20241025T094848-2.mat,-1.02563609162638,0.001,0.0189312135804878,0.303767049367025,"Version v3 (rhoS=9.60e-01, sigmaS=2.05e+01, R=2.03e-02)",30,1.00834016402389,NaN,NaN,1.92415408860704,1.92415408860704,0.175955517974549,0.682333295423815,1.58504021130401
simulation 20241025T094848-6.mat,-3.24334610001251,0.01,0.0189312135804878,0.0759417623417563,"Version v3 (rhoS=9.60e-01, sigmaS=2.05e+01, R=2.03e-02)",30,1.02420137862717,2.39229117393839,0.818669099362187,1.8373948416415,1.86643336366879,0.265064794119608,0.618695993259936,1.09244035381325
simulation 20241025T094848-9.mat,-10.2563609162638,0.1,0.0189312135804878,0.0303767049367025,"Version v3 (rhoS=9.60e-01, sigmaS=2.05e+01, R=2.03e-02)",30,1.09211225972531,1.80187842608463,0.870571021977501,1.56141690857455,1.64402866423824,0.436794913335882,0.404214715596495,0.883851418942762
simulation 20241025T094848.mat,-32.4334610001251,1,0.0189312135804878,0.0151883524683513,"Version v3 (rhoS=9.60e-01, sigmaS=2.05e+01, R=2.03e-02)",30,1.30418271635773,1.44833785850753,0.764116846608296,0.691901876053621,1.11649943135897,0.797969316853643,0.312294168026449,0.509098417311035
simulation 20241025T094854-7.mat,-10.2563609162638,0.1,0.0189312135804878,0.0151883524683513,"Version v3 (rhoS=9.60e-01, sigmaS=2.05e+01, R=2.03e-02)",30,1.09555985246509,1.79127220905732,0.916797545166526,1.54760324741799,1.64091544981968,0.436577129684575,0.403036247037905,0.903885384438798
simulation 20241025T094854.mat,-10.2563609162638,0.1,0.0189312135804878,0.759417623417563,"Version v3 (rhoS=9.60e-01, sigmaS=2.05e+01, R=2.03e-02)",30,1.03534933991792,1.82309086013926,0.22168530833687,1.76983047920286,1.7761339960047,0.363100186583375,0.248656865862568,0.794287808489897
simulation 20241025T094856.mat,-3.24334610001251,0.01,0.0189312135804878,0.0303767049367025,"Version v3 (rhoS=9.60e-01, sigmaS=2.05e+01, R=2.03e-02)",30,1.0261781351553,2.38168495691108,0.900231703549039,1.83216146487981,1.86850931806429,0.264583773764469,0.623409867494298,1.07004945120004
simulation 20241025T094858-4.mat,-3.24334610001251,0.01,0.0189312135804878,0.759417623417563,"Version v3 (rhoS=9.60e-01, sigmaS=2.05e+01, R=2.03e-02)",30,1.01227775099733,3.1229416802644,0.0993320561146666,1.88994254870257,1.89252974942896,0.268503616657952,0.657585455693418,1.16079153021149
simulation 20241025T094858.mat,-10.2563609162638,0.1,0.0189312135804878,0.303767049367025,"Version v3 (rhoS=9.60e-01, sigmaS=2.05e+01, R=2.03e-02)",30,1.05848562189071,1.80541383176041,0.470538441465291,1.69065909041745,1.74164278032049,0.439641758318489,0.434854898119844,0.828463396689016
simulation 20241025T094901.mat,-3.24334610001251,0.01,0.0189312135804878,0.0151883524683513,"Version v3 (rhoS=9.60e-01, sigmaS=2.05e+01, R=2.03e-02)",30,1.02704654239445,2.37107873988377,0.928110370854659,1.83031088116221,1.83586379917969,0.264393296997477,0.625766804611478,1.06297863984849
simulation 20241025T094902.mat,-10.2563609162638,0.1,0.0189312135804878,0.0759417623417563,"Version v3 (rhoS=9.60e-01, sigmaS=2.05e+01, R=2.03e-02)",30,1.08428631932212,1.81484158022913,0.76161399841865,1.5966709679949,1.75977396448718,0.437659742706752,0.406571652713676,0.853211236419413
simulation 20241025T094905-5.mat,-1.02563609162638,0.001,0.0189312135804878,0.759417623417563,"Version v3 (rhoS=9.60e-01, sigmaS=2.05e+01, R=2.03e-02)",30,1.00580593134293,NaN,NaN,1.93908113823034,1.93908113823034,0.176660825177748,0.658763924252008,1.62392967373749
simulation 20241025T094905.mat,-3.24334610001251,0.01,0.0189312135804878,0.303767049367025,"Version v3 (rhoS=9.60e-01, sigmaS=2.05e+01, R=2.03e-02)",30,1.0185759640163,2.46299928745381,0.501896530751816,1.86116086693257,1.86551156324205,0.266888935910505,0.608089776232623,1.1596130616529
simulation 20241025T094906.mat,-72.523423541868,5,0.0189312135804878,0.759417623417563,"Version v3 (rhoS=9.60e-01, sigmaS=2.05e+01, R=2.03e-02)",60,1.23625012146258,1.11161683932847,0.0938400064235096,1.23397216164018,1.39961965164848,0.838069717697873,0.169774971307682,0.339759800429096
simulation 20241025T094909.mat,-1.02563609162638,0.001,0.0189312135804878,0.0759417623417563,"Version v3 (rhoS=9.60e-01, sigmaS=2.05e+01, R=2.03e-02)",30,1.0099503473697,3.30796124396309,0.703987679843482,1.91340905613941,1.91340905613941,0.17534178361855,0.712973477947163,1.58975408553837
simulation 20241025T094911.mat,-1.77645382077326,0.003,0.0189312135804878,0.303767049367025,"Version v3 (rhoS=9.60e-01, sigmaS=2.05e+01, R=2.03e-02)",60,1.01133627827213,3.02069337083125,0.370871753995811,1.90320036313874,1.90813481470124,0.187384637221303,0.588021594071853,1.36785322989293
simulation 20241025T094916-3.mat,-72.523423541868,5,0.0189312135804878,0.303767049367025,"Version v3 (rhoS=9.60e-01, sigmaS=2.05e+01, R=2.03e-02)",60,1.38074012175835,1.1661798708983,0.201148515695864,0.893881387782857,1.30126930269189,0.964822157394168,0.187403027661014,0.362004728684491
simulation 20241025T094916.mat,-1.02563609162638,0.001,0.0189312135804878,0.0303767049367025,"Version v3 (rhoS=9.60e-01, sigmaS=2.05e+01, R=2.03e-02)",30,1.01019025638825,3.22782538197894,0.863592294776503,1.91103352365405,1.91297792432223,0.175185645373282,0.721222757857296,1.67578229031547
simulation 20241025T094923.mat,-1.02563609162638,0.001,0.0189312135804878,0.0151883524683513,"Version v3 (rhoS=9.60e-01, sigmaS=2.05e+01, R=2.03e-02)",30,1.0103309440765,3.19836366801419,0.91687139859028,1.91014657907169,1.91289221654196,0.175136814283903,0.723579694974476,1.71467175274895
simulation 20241025T094924.mat,-9.73003830003752,0.09,0.0189312135804878,0.0759417623417563,"Version v3 (rhoS=9.60e-01, sigmaS=2.05e+01, R=2.03e-02)",30,1.07975007315428,1.83605401428375,0.767283927052683,1.6135411863995,1.75375580773823,0.43507482566435,0.448996520822928,0.866174390563907
simulation 20241025T094927.mat,-72.523423541868,5,0.0189312135804878,0.0759417623417563,"Version v3 (rhoS=9.60e-01, sigmaS=2.05e+01, R=2.03e-02)",60,1.54378866305327,1.26523275897891,0.395595777046101,0.226741153480906,1.0022140622738,1.06279887199721,0.177329852601968,0.348993544233223
simulation 20241025T094928.mat,-9.73003830003752,0.09,0.0189312135804878,0.0303767049367025,"Version v3 (rhoS=9.60e-01, sigmaS=2.05e+01, R=2.03e-02)",30,1.08736197397162,1.82191239158067,0.874323890067288,1.58130121798852,1.72064360529397,0.434185708516376,0.445461115147157,0.893279167411485
simulation 20241025T094930.mat,-22.9339202105379,0.5,0.0189312135804878,0.0303767049367025,"Version v3 (rhoS=9.60e-01, sigmaS=2.05e+01, R=2.03e-02)",30,1.21134943548638,1.54261534319476,0.762296832642317,1.10493440636752,1.29930178014904,0.682642251474556,0.403036247037905,0.613982119025575
simulation 20241025T094932.mat,-9.73003830003752,0.09,0.0189312135804878,0.0151883524683513,"Version v3 (rhoS=9.60e-01, sigmaS=2.05e+01, R=2.03e-02)",30,1.0907187442145,1.81130617455336,0.919255560955003,1.5686889632103,1.71114983508107,0.434009529867989,1.27981685462912,0.91095619579034
simulation 20241025T094933.mat,-22.9339202105379,0.5,0.0189312135804878,0.0151883524683513,"Version v3 (rhoS=9.60e-01, sigmaS=2.05e+01, R=2.03e-02)",30,1.217649543168,1.5379014689604,0.828908434316482,1.04446234225384,1.29641579148787,0.684284905668803,0.393608498569182,0.615160587584165
simulation 20241025T094936.mat,-3.07690827487914,0.009,0.0189312135804878,0.759417623417563,"Version v3 (rhoS=9.60e-01, sigmaS=2.05e+01, R=2.03e-02)",30,1.01175507643902,NaN,NaN,1.89340008451273,1.89588106798827,0.267610311084378,0.783681591462584,1.18907477561766
simulation 20241025T094937-3.mat,-1.77645382077326,0.003,0.0189312135804878,0.0759417623417563,"Version v3 (rhoS=9.60e-01, sigmaS=2.05e+01, R=2.03e-02)",60,1.01371594392567,2.81419328212082,0.807648104472831,1.88925204673718,1.88971432685503,0.230488647360374,1.54161549966146,1.224730200929
simulation 20241025T094937.mat,-7.2523423541868,0.05,0.0189312135804878,0.759417623417563,"Version v3 (rhoS=9.60e-01, sigmaS=2.05e+01, R=2.03e-02)",30,1.02497636622242,2.02696592077539,0.221863901948653,1.81898940149991,1.81898940149991,0.358385282015394,0.444282646588566,0.900349978763027
simulation 20241025T094939.mat,-72.523423541868,5,0.0189312135804878,0.0303767049367025,"Version v3 (rhoS=9.60e-01, sigmaS=2.05e+01, R=2.03e-02)",60,1.59447235917786,1.28286081533224,0.521517369730191,-0.285144006912911,0.392886413350826,1.08569447021047,0.163898952523238,0.339759800429096
simulation 20241025T094942.mat,-7.2523423541868,0.05,0.0189312135804878,0.303767049367025,"Version v3 (rhoS=9.60e-01, sigmaS=2.05e+01, R=2.03e-02)",30,1.04060642783463,1.97039942996305,0.49920626446809,1.75931587250045,1.76196276164463,0.356924422736075,0.398322372803543,0.921562412817653
simulation 20241025T094946.mat,-7.2523423541868,0.05,0.0189312135804878,0.0759417623417563,"Version v3 (rhoS=9.60e-01, sigmaS=2.05e+01, R=2.03e-02)",30,1.057188363088,1.96332861861151,0.792784164815898,1.69488830301485,1.76623700634085,0.354303025872721,0.398322372803543,0.926276287052014
simulation 20241025T094950.mat,-7.2523423541868,0.05,0.0189312135804878,0.0303767049367025,"Version v3 (rhoS=9.60e-01, sigmaS=2.05e+01, R=2.03e-02)",30,1.06275856579953,1.94447312167407,0.889280049724927,1.67402347327156,1.79050693163997,0.353615544606843,0.399500841362134,0.943953315430869
simulation 20241025T094951.mat,-72.523423541868,5,0.0189312135804878,0.0151883524683513,"Version v3 (rhoS=9.60e-01, sigmaS=2.05e+01, R=2.03e-02)",60,1.61359424979069,1.27950309031256,0.603961892844771,-0.592703478668825,0.319329827006762,1.09259460348188,0.160121511876096,0.334303497272113
simulation 20241025T094954.mat,-7.2523423541868,0.05,0.0189312135804878,0.0151883524683513,"Version v3 (rhoS=9.60e-01, sigmaS=2.05e+01, R=2.03e-02)",30,1.0652848684426,1.93268843608816,0.927081108919013,1.66620675203107,1.78007905530761,0.353294606517072,0.400679309920724,0.953381063899592
simulation 20241025T094955.mat,-3.07690827487914,0.009,0.0189312135804878,0.303767049367025,"Version v3 (rhoS=9.60e-01, sigmaS=2.05e+01, R=2.03e-02)",30,1.01770657178695,2.50542415556307,0.498176448618236,1.86557953568152,1.86773681642548,0.266506232344412,0.662299329927779,1.17964702714894
simulation 20241025T094958.mat,-2.29339202105379,0.005,0.0189312135804878,0.759417623417563,"Version v3 (rhoS=9.60e-01, sigmaS=2.05e+01, R=2.03e-02)",30,1.0093443853655,NaN,NaN,1.91182798568955,1.91303402607822,0.177640893712911,0.263976957124243,1.27392451183616
simulation 20241025T095000.mat,-1.77645382077326,0.003,0.0189312135804878,0.0303767049367025,"Version v3 (rhoS=9.60e-01, sigmaS=2.05e+01, R=2.03e-02)",60,1.01445426937929,2.79656522576749,0.907185660834388,1.88652490069343,1.88756149590279,0.230610361439503,1.63227407519287,1.16219257243743
simulation 20241025T095001.mat,-3.07690827487914,0.009,0.0189312135804878,0.0759417623417563,"Version v3 (rhoS=9.60e-01, sigmaS=2.05e+01, R=2.03e-02)",30,1.02291790630129,2.42646676213751,0.818714301407539,1.84332635778462,1.86674842994712,0.264689798099426,0.668191672720731,1.10893891363352
simulation 20241025T095003.mat,-22.9339202105379,0.5,0.0189312135804878,0.759417623417563,"Version v3 (rhoS=9.60e-01, sigmaS=2.05e+01, R=2.03e-02)",60,1.07959901857175,1.45599351165958,0.177240651123563,1.61358970184611,1.69866954799121,0.546961581023031,0.266519423437277,0.576689272130425
simulation 20241025T095006.mat,-3.07690827487914,0.009,0.0189312135804878,0.0303767049367025,"Version v3 (rhoS=9.60e-01, sigmaS=2.05e+01, R=2.03e-02)",30,1.02472149110479,2.41821748222738,0.900702416596946,1.8382620907382,1.8687994689499,0.264228387598185,0.671727078396501,1.08419107390312
simulation 20241025T095011.mat,-3.07690827487914,0.009,0.0189312135804878,0.0151883524683513,"Version v3 (rhoS=9.60e-01, sigmaS=2.05e+01, R=2.03e-02)",30,1.02550531771164,2.41232513943443,0.928489230738449,1.83630043624994,1.86922160808817,0.264071561375105,0.672905546955092,1.07594179399299
simulation 20241025T095016-1.mat,-22.9339202105379,0.5,0.0189312135804878,0.303767049367025,"Version v3 (rhoS=9.60e-01, sigmaS=2.05e+01, R=2.03e-02)",60,1.13472728748241,1.47991730242481,0.365245097978747,1.4626642956178,1.5842892260183,0.623514892151643,0.348363970792032,0.61362424734693
simulation 20241025T095016.mat,-85.8108719634432,7,0.0189312135804878,0.759417623417563,"Version v3 (rhoS=9.60e-01, sigmaS=2.05e+01, R=2.03e-02)",30,1.2736487793878,1.07770949683087,0.0839062652709256,1.15812730597538,1.15850112580156,0.923178036960459,0.199750420681068,0.315240339422925
simulation 20241025T095017.mat,-2.29339202105379,0.005,0.0189312135804878,0.303767049367025,"Version v3 (rhoS=9.60e-01, sigmaS=2.05e+01, R=2.03e-02)",30,1.01365206858046,2.76350876989435,0.450107921956877,1.88772670775397,1.89004617162471,0.177074524565196,0.28401092262028,1.26449676336744
simulation 20241025T095019.mat,-85.8108719634432,7,0.0189312135804878,0.303767049367025,"Version v3 (rhoS=9.60e-01, sigmaS=2.05e+01, R=2.03e-02)",30,1.43688344809311,1.1354544562018,0.181552088144982,0.776147413371691,1.42807900544817,1.05060922932416,0.224498260411466,0.338809710594731
simulation 20241025T095022.mat,-85.8108719634432,7,0.0189312135804878,0.0759417623417563,"Version v3 (rhoS=9.60e-01, sigmaS=2.05e+01, R=2.03e-02)",30,1.61898969752236,1.23680275224057,0.362461599857658,0.0284182803948408,0.81036060076986,1.14883790188445,0.146719335544501,0.322311150774467
simulation 20241025T095023-2.mat,-1.77645382077326,0.003,0.0189312135804878,0.0151883524683513,"Version v3 (rhoS=9.60e-01, sigmaS=2.05e+01, R=2.03e-02)",60,1.01476333438246,2.79488636325765,0.942951636047132,1.88562911604201,1.88682253238194,0.230610898324328,1.65284014093842,1.13868849729966
simulation 20241025T095023.mat,-2.29339202105379,0.005,0.0189312135804878,0.0759417623417563,"Version v3 (rhoS=9.60e-01, sigmaS=2.05e+01, R=2.03e-02)",30,1.01699673822027,2.64566191403532,0.812058036237378,1.87037515159653,1.8728800078953,0.263856162386672,1.50254741220269,1.13250828480532
simulation 20241025T095025.mat,-85.8108719634432,7,0.0189312135804878,0.0303767049367025,"Version v3 (rhoS=9.60e-01, sigmaS=2.05e+01, R=2.03e-02)",30,1.67755709844966,1.25565824917801,0.480956110129719,-0.54874532126707,0.233646051883895,1.17497636477163,0.136113118517188,0.315240339422925
simulation 20241025T095028.mat,-85.8108719634432,7,0.0189312135804878,0.0151883524683513,"Version v3 (rhoS=9.60e-01, sigmaS=2.05e+01, R=2.03e-02)",30,1.69960262399078,1.25330131206083,0.558737143376248,-0.897416017715289,0.116678167563968,1.18481105220222,0.132577712841417,0.311704933747153
simulation 20241025T095029-9.mat,-22.9339202105379,0.5,0.0189312135804878,0.0759417623417563,"Version v3 (rhoS=9.60e-01, sigmaS=2.05e+01, R=2.03e-02)",60,1.19597130414715,1.53573948087702,0.635500962505158,1.22580116361173,1.63406527442506,0.656523019404201,0.376904633459331,0.623277706778516
simulation 20241025T095029.mat,-2.29339202105379,0.005,0.0189312135804878,0.0303767049367025,"Version v3 (rhoS=9.60e-01, sigmaS=2.05e+01, R=2.03e-02)",30,1.01811942588904,2.63741263412518,0.899620344635262,1.86659594020236,1.86906008654916,0.26421959548927,1.58857561697978,1.09361882237184
simulation 20241025T095031.mat,-27.1357803409565,0.7,0.0189312135804878,0.759417623417563,"Version v3 (rhoS=9.60e-01, sigmaS=2.05e+01, R=2.03e-02)",30,1.09390835278935,1.39884217904674,0.164132912597484,1.57006699319169,1.71410400341588,0.617659078054569,0.306401825233497,0.539738599834384
simulation 20241025T095034-7.mat,-2.29339202105379,0.005,0.0189312135804878,0.0151883524683513,"Version v3 (rhoS=9.60e-01, sigmaS=2.05e+01, R=2.03e-02)",30,1.01857751032093,2.64212650835955,0.93075762442163,1.86527608812733,1.86779345791183,0.264355822238148,1.61332345671018,1.0747633254344
simulation 20241025T095034.mat,-27.1357803409565,0.7,0.0189312135804878,0.303767049367025,"Version v3 (rhoS=9.60e-01, sigmaS=2.05e+01, R=2.03e-02)",30,1.1585821995869,1.42712542445291,0.339106222493741,1.40124015483709,1.40945840948063,0.69005975950489,0.398322372803543,0.575092656592094
simulation 20241025T095037.mat,-27.1357803409565,0.7,0.0189312135804878,0.0759417623417563,"Version v3 (rhoS=9.60e-01, sigmaS=2.05e+01, R=2.03e-02)",30,1.22993163080083,1.4895842580582,0.596516896630511,1.12474817441447,1.55225112278578,0.714439892925011,0.28636785973746,0.573914188033503
simulation 20241025T095040.mat,-56.1764023175203,3,0.0189312135804878,0.759417623417563,"Version v3 (rhoS=9.60e-01, sigmaS=2.05e+01, R=2.03e-02)",30,1.18786715001151,1.17670085575246,0.110388186744227,1.3368111589198,1.56740590500475,0.805567609868409,0.252781505817635,0.388305390055525
simulation 20241025T095041.mat,-27.1357803409565,0.7,0.0189312135804878,0.0303767049367025,"Version v3 (rhoS=9.60e-01, sigmaS=2.05e+01, R=2.03e-02)",30,1.24914167828414,1.49665506940974,0.72818408526113,0.963610489196909,1.28159220288055,0.717237276220099,0.275761642710147,0.566843376681961
simulation 20241025T095043-9.mat,-22.9339202105379,0.5,0.0189312135804878,0.0303767049367025,"Version v3 (rhoS=9.60e-01, sigmaS=2.05e+01, R=2.03e-02)",60,1.21210647276107,1.5390972058967,0.767866527218535,1.0971035936901,1.35616269502138,0.659916398733692,0.356758283341238,0.614883394229311
simulation 20241025T095043.mat,-56.1764023175203,3,0.0189312135804878,0.303767049367025,"Version v3 (rhoS=9.60e-01, sigmaS=2.05e+01, R=2.03e-02)",30,1.30767015007084,1.22501806665467,0.233199982679084,1.05384034412274,1.0976431514751,0.903741907069843,0.286957094016756,0.411874761227332
simulation 20241025T095045.mat,-27.1357803409565,0.7,0.0189312135804878,0.0151883524683513,"Version v3 (rhoS=9.60e-01, sigmaS=2.05e+01, R=2.03e-02)",30,1.25580701076585,1.49311966373397,0.798303017765173,0.881846050536843,1.24892802218692,0.718307340942453,0.272226237034376,0.565664908123371
simulation 20241025T095046-4.mat,-32.4334610001251,1,0.0189312135804878,0.759417623417563,"Version v3 (rhoS=9.60e-01, sigmaS=2.05e+01, R=2.03e-02)",60,1.11212465802364,1.33385626406866,0.150642169184838,1.52212819506653,1.60851243972787,0.634834553943351,0.250150513966326,0.49442500914821
simulation 20241025T095046.mat,-56.1764023175203,3,0.0189312135804878,0.0759417623417563,"Version v3 (rhoS=9.60e-01, sigmaS=2.05e+01, R=2.03e-02)",30,1.43901678824889,1.31576014566612,0.441807055403587,0.522299010527289,1.35769277499453,0.972419027735574,0.187965735095164,0.396554669965658
simulation 20241025T095048.mat,-8.58108719634432,0.07,0.0189312135804878,0.759417623417563,"Version v3 (rhoS=9.60e-01, sigmaS=2.05e+01, R=2.03e-02)",30,1.02955066135632,1.92443915617803,0.222730281788319,1.79700981194221,1.79700981194221,0.360937283094842,0.327614259288123,0.830820333806197
simulation 20241025T095049.mat,-56.1764023175203,3,0.0189312135804878,0.0303767049367025,"Version v3 (rhoS=9.60e-01, sigmaS=2.05e+01, R=2.03e-02)",30,1.47886633463988,1.33225870548639,0.568351775835193,0.140159829825687,0.651691420308347,0.987840788906611,0.176181049509261,0.387126921496935
simulation 20241025T095052-2.mat,-8.58108719634432,0.07,0.0189312135804878,0.303767049367025,"Version v3 (rhoS=9.60e-01, sigmaS=2.05e+01, R=2.03e-02)",30,1.04813481591208,1.89026356797891,0.488365796619439,1.72739116387163,1.75057918420362,0.360167441575295,0.302866419557726,0.882672950384172
simulation 20241025T095052.mat,-56.1764023175203,3,0.0189312135804878,0.0151883524683513,"Version v3 (rhoS=9.60e-01, sigmaS=2.05e+01, R=2.03e-02)",30,1.49343627886165,1.32990176836921,0.646380553838903,-0.0802558201402129,0.598058893071846,0.995279682710413,0.171467175274899,0.382413047262574
simulation 20241025T095055.mat,-17.7645382077326,0.3,0.0189312135804878,0.759417623417563,"Version v3 (rhoS=9.60e-01, sigmaS=2.05e+01, R=2.03e-02)",30,1.06149110957327,1.5626493086908,0.195318829532957,1.6720898606649,1.6720898606649,0.528224905846349,0.381823812983278,0.645800770107514
simulation 20241025T095056.mat,-22.9339202105379,0.5,0.0189312135804878,0.0151883524683513,"Version v3 (rhoS=9.60e-01, sigmaS=2.05e+01, R=2.03e-02)",60,1.21824121342003,1.53448033399464,0.836356548368118,1.03479280840742,1.33092625683268,0.660740535538703,0.351301980184254,0.619919981758834
simulation 20241025T095057.mat,-8.58108719634432,0.07,0.0189312135804878,0.0759417623417563,"Version v3 (rhoS=9.60e-01, sigmaS=2.05e+01, R=2.03e-02)",30,1.0693050496575,1.89026356797891,0.780012961109025,1.65053231812331,1.74790614242997,0.428943514101857,0.580984999385046,0.899171510204437
simulation 20241025T095058.mat,-32.4334610001251,1,0.0189312135804878,0.303767049367025,"Version v3 (rhoS=9.60e-01, sigmaS=2.05e+01, R=2.03e-02)",60,1.18833946928042,1.36785322989293,0.31234847334239,1.32729537006346,1.49479553630123,0.71945130201709,0.3000966736341,0.527582543717572
simulation 20241025T095059.mat,-17.7645382077326,0.3,0.0189312135804878,0.303767049367025,"Version v3 (rhoS=9.60e-01, sigmaS=2.05e+01, R=2.03e-02)",30,1.10379284508612,1.57679093139388,0.4015003549327,1.54769919702597,1.56256819969891,0.535379659677884,0.282832454061689,0.683511763982405
simulation 20241025T095101.mat,-8.58108719634432,0.07,0.0189312135804878,0.0303767049367025,"Version v3 (rhoS=9.60e-01, sigmaS=2.05e+01, R=2.03e-02)",30,1.07638193537809,1.87494347671724,0.881881705512443,1.62313004546554,1.73424171224694,0.428098171471671,0.570378782357733,0.920383944259063
simulation 20241025T095102.mat,-17.7645382077326,0.3,0.0189312135804878,0.0759417623417563,"Version v3 (rhoS=9.60e-01, sigmaS=2.05e+01, R=2.03e-02)",30,1.15168375939245,1.61803733094454,0.681587170656857,1.36810178151496,1.54766547684683,0.599803969878173,0.418356338299579,0.70236726091985
simulation 20241025T095105.mat,-8.58108719634432,0.07,0.0189312135804878,0.0151883524683513,"Version v3 (rhoS=9.60e-01, sigmaS=2.05e+01, R=2.03e-02)",30,1.07955739945124,1.86551572824851,0.923302987374869,1.61205419566453,1.72842689050649,0.430700699529978,1.24564126643,0.930990161286376
simulation 20241025T095106.mat,-17.7645382077326,0.3,0.0189312135804878,0.0303767049367025,"Version v3 (rhoS=9.60e-01, sigmaS=2.05e+01, R=2.03e-02)",30,1.16353509757118,1.61685886238595,0.806643661243852,1.28340501048016,1.51114104572605,0.600792851864031,0.401857778479314,0.695296449568308
simulation 20241025T095109.mat,-2.71357803409565,0.007,0.0189312135804878,0.759417623417563,"Version v3 (rhoS=9.60e-01, sigmaS=2.05e+01, R=2.03e-02)",30,1.01062607910985,NaN,NaN,1.90198405683871,1.90373784055235,0.177849059228755,0.214481277663448,1.22325036381678
simulation 20241025T095110-3.mat,-7.2523423541868,0.05,0.0189312135804878,0.759417623417563,"Version v3 (rhoS=9.60e-01, sigmaS=2.05e+01, R=2.03e-02)",60,1.02517564345443,2.01421529618166,0.222960209179809,1.81775389788981,1.81879866589221,0.327746917089383,0.354239989576476,0.891895708353052
simulation 20241025T095110-6.mat,-32.4334610001251,1,0.0189312135804878,0.0759417623417563,"Version v3 (rhoS=9.60e-01, sigmaS=2.05e+01, R=2.03e-02)",60,1.27236276451985,1.44046403344355,0.561754368547011,0.993660691112661,1.56723113955933,0.764058839658601,0.304713545536163,0.52422481869789
simulation 20241025T095110.mat,-17.7645382077326,0.3,0.0189312135804878,0.0151883524683513,"Version v3 (rhoS=9.60e-01, sigmaS=2.05e+01, R=2.03e-02)",30,1.16756582130334,1.610966519593,0.866788251802436,1.24531587305589,1.49113799909754,0.600999497166384,0.397143904244953,0.677619421189453
simulation 20241025T095114.mat,-5.61764023175203,0.03,0.0189312135804878,0.759417623417563,"Version v3 (rhoS=9.60e-01, sigmaS=2.05e+01, R=2.03e-02)",30,1.01972958165739,2.21905629582561,0.201792854712481,1.84710336608849,1.84710336608849,0.272231911158163,0.265155425682834,0.986378183540121
simulation 20241025T095119.mat,-5.61764023175203,0.03,0.0189312135804878,0.303767049367025,"Version v3 (rhoS=9.60e-01, sigmaS=2.05e+01, R=2.03e-02)",30,1.03083998484279,2.10945871987671,0.514933090277978,1.80050771138537,1.80050771138537,0.350947747933072,0.66583473560355,0.994627463450254
simulation 20241025T095123-5.mat,-32.4334610001251,1,0.0189312135804878,0.0303767049367025,"Version v3 (rhoS=9.60e-01, sigmaS=2.05e+01, R=2.03e-02)",60,1.29577307525016,1.44969777724767,0.696713186974157,0.784696461271786,1.14729497284539,0.771370820474844,0.28582634230045,0.515830506148684
simulation 20241025T095123.mat,-5.61764023175203,0.03,0.0189312135804878,0.0759417623417563,"Version v3 (rhoS=9.60e-01, sigmaS=2.05e+01, R=2.03e-02)",30,1.0431783268786,2.08588934870491,0.807284389923056,1.75320357243388,1.75320357243388,0.348471711818908,0.619874461818527,0.988735120657302
simulation 20241025T095127.mat,-7.2523423541868,0.05,0.0189312135804878,0.303767049367025,"Version v3 (rhoS=9.60e-01, sigmaS=2.05e+01, R=2.03e-02)",60,1.04061549789285,1.96384942088643,0.502897492267143,1.75891808694038,1.75894957623497,0.36404351203948,0.504498184207257,0.923794096040028
simulation 20241025T095128-6.mat,-2.71357803409565,0.007,0.0189312135804878,0.303767049367025,"Version v3 (rhoS=9.60e-01, sigmaS=2.05e+01, R=2.03e-02)",30,1.01576417814295,2.6114863258362,0.485406378324169,1.87542479658885,1.87801562433651,0.265583108132048,0.830820333806197,1.22560730093396
simulation 20241025T095128.mat,-5.61764023175203,0.03,0.0189312135804878,0.0303767049367025,"Version v3 (rhoS=9.60e-01, sigmaS=2.05e+01, R=2.03e-02)",30,1.04743445854217,2.06703385176746,0.896442719521367,1.73874188148297,1.75052131030156,0.348417033187691,1.3917713676952,0.991092057774483
simulation 20241025T095132.mat,-5.61764023175203,0.03,0.0189312135804878,0.0151883524683513,"Version v3 (rhoS=9.60e-01, sigmaS=2.05e+01, R=2.03e-02)",30,1.04930189207807,2.05996304041592,0.93030673088149,1.73313495467458,1.74020156638669,0.349714115104978,1.42359001877714,0.989913589215893
simulation 20241025T095133.mat,-2.71357803409565,0.007,0.0189312135804878,0.0759417623417563,"Version v3 (rhoS=9.60e-01, sigmaS=2.05e+01, R=2.03e-02)",30,1.02005470710667,2.51485190403179,0.817482480161094,1.85602860043066,1.86718905388162,0.264035473497636,0.800180151282848,1.15018531318418
simulation 20241025T095136-9.mat,-1.77645382077326,0.003,0.0189312135804878,0.759417623417563,"Version v3 (rhoS=9.60e-01, sigmaS=2.05e+01, R=2.03e-02)",30,1.00781786558858,NaN,NaN,1.92356582571968,1.92356582571968,0.177319773496173,0.359432910370062,1.36466659084762
simulation 20241025T095136.mat,-32.4334610001251,1,0.0189312135804878,0.0151883524683513,"Version v3 (rhoS=9.60e-01, sigmaS=2.05e+01, R=2.03e-02)",60,1.30414502219782,1.44508090534561,0.773091922436842,0.674324470927686,1.10969259787468,0.77360758546177,0.280370039143467,0.510793918619161
simulation 20241025T095138.mat,-2.71357803409565,0.007,0.0189312135804878,0.0303767049367025,"Version v3 (rhoS=9.60e-01, sigmaS=2.05e+01, R=2.03e-02)",30,1.02143616388326,2.51013802979743,0.901164187940865,1.85144175380377,1.86924109279651,0.263862577567631,1.62628661085467,1.11954513066083
simulation 20241025T095144-4.mat,-7.2523423541868,0.05,0.0189312135804878,0.0759417623417563,"Version v3 (rhoS=9.60e-01, sigmaS=2.05e+01, R=2.03e-02)",60,1.05731697029042,1.95839311772945,0.796950234258107,1.69508209119002,1.75464753381954,0.392635838215629,0.790324526507681,0.930509546079392
simulation 20241025T095144.mat,-2.71357803409565,0.007,0.0189312135804878,0.0151883524683513,"Version v3 (rhoS=9.60e-01, sigmaS=2.05e+01, R=2.03e-02)",30,1.02201947952297,2.51485190403179,0.929433309707027,1.84982703405932,1.86909182021604,0.263977166403707,1.64278517067494,1.11247431930929
simulation 20241025T095149-4.mat,-10.2563609162638,0.1,0.0189312135804878,0.759417623417563,"Version v3 (rhoS=9.60e-01, sigmaS=2.05e+01, R=2.03e-02)",60,1.03539681301347,1.81317151062822,0.223200996677001,1.77010314857516,1.77221843462746,0.410254357958669,0.473019512147736,0.792842820272442
simulation 20241025T095149.mat,-72.523423541868,5,0.0189312135804878,0.759417623417563,"Version v3 (rhoS=9.60e-01, sigmaS=2.05e+01, R=2.03e-02)",30,1.23584540601923,1.11542049070576,0.0935363317549446,1.23537002035027,1.24970536221773,0.828778040793289,0.147897804103092,0.337631242036141
simulation 20241025T095152.mat,-72.523423541868,5,0.0189312135804878,0.303767049367025,"Version v3 (rhoS=9.60e-01, sigmaS=2.05e+01, R=2.03e-02)",30,1.37961354136292,1.16845157584233,0.200290905355098,0.898737091214712,1.36267077220386,0.961492819824927,0.162039426806176,0.361200613207948
simulation 20241025T095155-5.mat,-1.77645382077326,0.003,0.0189312135804878,0.303767049367025,"Version v3 (rhoS=9.60e-01, sigmaS=2.05e+01, R=2.03e-02)",30,1.01138495328931,3.05812590954194,0.349516403384695,1.90325081154424,1.91002573300611,0.176639962534302,0.38771615577623,1.34934649958595
simulation 20241025T095155.mat,-72.523423541868,5,0.0189312135804878,0.0759417623417563,"Version v3 (rhoS=9.60e-01, sigmaS=2.05e+01, R=2.03e-02)",30,1.54263386560718,1.26744293476392,0.393196170000914,0.240508404583251,1.30600403431705,1.0913644170267,0.200928889239658,0.345880521946273
simulation 20241025T095158.mat,-72.523423541868,5,0.0189312135804878,0.0303767049367025,"Version v3 (rhoS=9.60e-01, sigmaS=2.05e+01, R=2.03e-02)",30,1.59324039217558,1.28394149458418,0.514623281804803,-0.255902488306381,0.436295836714785,1.11755757350445,0.183251860860803,0.33527430491896
simulation 20241025T095201-2.mat,-7.2523423541868,0.05,0.0189312135804878,0.0303767049367025,"Version v3 (rhoS=9.60e-01, sigmaS=2.05e+01, R=2.03e-02)",60,1.06312535347344,1.9399256301212,0.893963308512366,1.67429950611524,1.78257348523318,0.392478538289456,0.738279788702615,0.951495327452402
simulation 20241025T095201.mat,-72.523423541868,5,0.0189312135804878,0.0151883524683513,"Version v3 (rhoS=9.60e-01, sigmaS=2.05e+01, R=2.03e-02)",30,1.61224200260679,1.28040608890841,0.592829978218017,-0.553579976556486,0.34315654520157,1.12513602268616,0.178537986626441,0.331738899243189
simulation 20241025T095202.mat,-1.77645382077326,0.003,0.0189312135804878,0.0759417623417563,"Version v3 (rhoS=9.60e-01, sigmaS=2.05e+01, R=2.03e-02)",30,1.01391684072883,2.83421688340977,0.797213957602319,1.88841816403186,1.89055984842266,0.175966803976768,0.419534806858169,1.22207189525819
simulation 20241025T095204.mat,-22.9339202105379,0.5,0.0189312135804878,0.759417623417563,"Version v3 (rhoS=9.60e-01, sigmaS=2.05e+01, R=2.03e-02)",30,1.07946664580371,1.46247948121062,0.176438511414255,1.61387447996407,1.70945353049566,0.53779438709701,0.232158306042303,0.576271125150684
simulation 20241025T095205.mat,-10.2563609162638,0.1,0.0189312135804878,0.303767049367025,"Version v3 (rhoS=9.60e-01, sigmaS=2.05e+01, R=2.03e-02)",60,1.05841303246558,1.80016032617695,0.473068047442922,1.69115217105674,1.69135911519195,0.441744575304222,0.588441309699313,0.832715804881162
simulation 20241025T095207.mat,-22.9339202105379,0.5,0.0189312135804878,0.303767049367025,"Version v3 (rhoS=9.60e-01, sigmaS=2.05e+01, R=2.03e-02)",30,1.13444293181326,1.48369191526524,0.363532470554479,1.4626935891414,1.66509721597288,0.620969212944045,0.294617139647593,0.611625181908394
simulation 20241025T095208.mat,-1.77645382077326,0.003,0.0189312135804878,0.0303767049367025,"Version v3 (rhoS=9.60e-01, sigmaS=2.05e+01, R=2.03e-02)",30,1.01459268053793,2.82832454061682,0.894979178469152,1.88526811093214,1.88763288613403,0.175792983185557,0.427784086768302,1.15843459309431
simulation 20241025T095211.mat,-22.9339202105379,0.5,0.0189312135804878,0.0759417623417563,"Version v3 (rhoS=9.60e-01, sigmaS=2.05e+01, R=2.03e-02)",30,1.19470999218942,1.53907993751899,0.632764818272647,1.22995029099416,1.3161146132369,0.676136641157367,0.441925709471386,0.626945273170069
simulation 20241025T095214.mat,-1.77645382077326,0.003,0.0189312135804878,0.0151883524683513,"Version v3 (rhoS=9.60e-01, sigmaS=2.05e+01, R=2.03e-02)",30,1.01487126673182,2.830681477734,0.929508904841029,1.88422699983168,1.88665382892921,0.175740812658032,0.430141023885482,1.11011738219211
simulation 20241025T095216.mat,-10.2563609162638,0.1,0.0189312135804878,0.303767049367025,"Version v3 (rhoS=9.60e-01, sigmaS=2.05e+01, R=2.03e-02)",90,1.05852228201266,1.79877996329365,0.47321572946742,1.69099225630279,1.76081209683054,0.424484494702529,0.453073572824933,0.830558531376746
simulation 20241025T095217.mat,-7.2523423541868,0.05,0.0189312135804878,0.0151883524683513,"Version v3 (rhoS=9.60e-01, sigmaS=2.05e+01, R=2.03e-02)",60,1.06581482378411,1.93069188631708,0.932035224118256,1.6663965166229,1.77807031812357,0.397428111904295,1.22766821032122,0.958630493119226
simulation 20241025T095220.mat,-32.4334610001251,1,0.0189312135804878,0.759417623417563,"Version v3 (rhoS=9.60e-01, sigmaS=2.05e+01, R=2.03e-02)",30,1.11185371013,1.33874028255863,0.150017594761354,1.52260024354144,1.5321741945097,0.626557888665782,0.216838214780628,0.49024292037359
simulation 20241025T095221.mat,-10.2563609162638,0.1,0.0189312135804878,0.0759417623417563,"Version v3 (rhoS=9.60e-01, sigmaS=2.05e+01, R=2.03e-02)",60,1.08454011747902,1.81107293249092,0.765759621625857,1.59517698206018,1.71008206124028,0.441788358876917,0.491067284128528,0.854541017509094
simulation 20241025T095223.mat,-32.4334610001251,1,0.0189312135804878,0.303767049367025,"Version v3 (rhoS=9.60e-01, sigmaS=2.05e+01, R=2.03e-02)",30,1.18787719475095,1.37055893364057,0.31094606390442,1.33022745125177,1.54164997056405,0.718619347482953,0.25454920865552,0.524418508572709
simulation 20241025T095227.mat,-32.4334610001251,1,0.0189312135804878,0.0759417623417563,"Version v3 (rhoS=9.60e-01, sigmaS=2.05e+01, R=2.03e-02)",30,1.27153496407716,1.44362398427317,0.559191721999813,0.999117707754704,1.5680400908191,0.784111546516528,0.35118363045993,0.52677544568989
simulation 20241025T095230.mat,-32.4334610001251,1,0.0189312135804878,0.0303767049367025,"Version v3 (rhoS=9.60e-01, sigmaS=2.05e+01, R=2.03e-02)",30,1.29562508391107,1.4530517327419,0.690638952261836,0.796957852344807,1.15755706790845,0.794730670283455,0.320543447936581,0.514990760103987
simulation 20241025T095235-4.mat,-2.29339202105379,0.005,0.0189312135804878,0.759417623417563,"Version v3 (rhoS=9.60e-01, sigmaS=2.05e+01, R=2.03e-02)",60,1.00935802579752,NaN,NaN,1.91166243466309,1.91204442569048,0.189221322796935,0.39033553353806,1.30237759200914
simulation 20241025T095235.mat,-17.7645382077326,0.3,0.0189312135804878,0.0303767049367025,"Version v3 (rhoS=9.60e-01, sigmaS=2.05e+01, R=2.03e-02)",90,1.16342655557845,1.61186993527274,0.81354867739335,1.27895650714477,1.49862072797346,0.58115463635598,0.42489963477768,0.693582800057581
simulation 20241025T095238.mat,-10.2563609162638,0.1,0.0189312135804878,0.0303767049367025,"Version v3 (rhoS=9.60e-01, sigmaS=2.05e+01, R=2.03e-02)",60,1.09257647071463,1.79722231678473,0.87548081803637,1.558730934043,1.65340885686435,0.441010396389829,0.483512402834243,0.88685912082353
simulation 20241025T095255.mat,-10.2563609162638,0.1,0.0189312135804878,0.0759417623417563,"Version v3 (rhoS=9.60e-01, sigmaS=2.05e+01, R=2.03e-02)",90,1.08458200947839,1.81023278363807,0.76662820707557,1.59497281845409,1.76522435968758,0.442332052812119,0.530265581946269,0.855296623320675
simulation 20241025T095256.mat,-10.2563609162638,0.1,0.0189312135804878,0.0151883524683513,"Version v3 (rhoS=9.60e-01, sigmaS=2.05e+01, R=2.03e-02)",60,1.09623014630498,1.78714914172568,0.922013500263479,1.54385265291444,1.68253167584314,0.44102309704407,1.21801475088964,0.90658575531416
simulation 20241025T095311.mat,-17.7645382077326,0.3,0.0189312135804878,0.0151883524683513,"Version v3 (rhoS=9.60e-01, sigmaS=2.05e+01, R=2.03e-02)",90,1.1676288784001,1.60614352510053,0.875353128160237,1.2389908110556,1.47950774531517,0.581475233071346,0.418944168198586,0.674800174692745
simulation 20241025T095313.mat,-3.24334610001251,0.01,0.0189312135804878,0.759417623417563,"Version v3 (rhoS=9.60e-01, sigmaS=2.05e+01, R=2.03e-02)",60,1.01217311438277,2.97956123934015,0.0944234601219284,1.89189731449536,1.89245919241535,0.235807824764941,0.466304062108371,1.14918138798616
simulation 20241025T095335.mat,-10.2563609162638,0.1,0.0189312135804878,0.0303767049367025,"Version v3 (rhoS=9.60e-01, sigmaS=2.05e+01, R=2.03e-02)",90,1.09267597236392,1.79626034281788,0.876595424001693,1.55860605997809,1.70213960894485,0.441600231779157,0.519270874415633,0.887364520285028
simulation 20241025T095341.mat,-3.24334610001251,0.01,0.0189312135804878,0.303767049367025,"Version v3 (rhoS=9.60e-01, sigmaS=2.05e+01, R=2.03e-02)",60,1.01836261790818,2.44568296121076,0.507161642352177,1.86224371715211,1.86224371715211,0.234079797015837,0.48015467781456,1.15463769114314
simulation 20241025T095343.mat,-2.29339202105379,0.005,0.0189312135804878,0.303767049367025,"Version v3 (rhoS=9.60e-01, sigmaS=2.05e+01, R=2.03e-02)",60,1.01369121769538,2.73780503792306,0.457603934222175,1.88847114829536,1.88890757194673,0.231959987480709,0.833135520508623,1.27173835120454
simulation 20241025T095348.mat,-5.61764023175203,0.03,0.0189312135804878,0.759417623417563,"Version v3 (rhoS=9.60e-01, sigmaS=2.05e+01, R=2.03e-02)",90,1.01976196182202,2.19138264470032,0.207356311587946,1.84621839130498,1.84623602390136,0.312398266498524,0.583635724751228,0.973260672868117
simulation 20241025T095404.mat,-3.24334610001251,0.01,0.0189312135804878,0.0759417623417563,"Version v3 (rhoS=9.60e-01, sigmaS=2.05e+01, R=2.03e-02)",60,1.02395817182302,2.38776220462125,0.823621436966096,1.83714123741719,1.83714123741719,0.273219989190941,1.4240951239726,1.08748319074951
simulation 20241025T095408.mat,-2.29339202105379,0.005,0.0189312135804878,0.0759417623417563,"Version v3 (rhoS=9.60e-01, sigmaS=2.05e+01, R=2.03e-02)",60,1.01716573994093,2.6181860840969,0.819499467986614,1.87139057181131,1.88762704597775,0.230624830610948,0.819704620429896,1.17436432563377
simulation 20241025T095416.mat,-10.2563609162638,0.1,0.0189312135804878,0.0151883524683513,"Version v3 (rhoS=9.60e-01, sigmaS=2.05e+01, R=2.03e-02)",90,1.09641163633068,1.78618186091479,0.923203219772077,1.5438563336189,1.68794862039504,0.456523945190525,0.71053297416731,0.90660525846364
simulation 20241025T095426.mat,-3.24334610001251,0.01,0.0189312135804878,0.0303767049367025,"Version v3 (rhoS=9.60e-01, sigmaS=2.05e+01, R=2.03e-02)",60,1.02587415409849,2.37894817644458,0.904088984324537,1.83110738559038,1.83110738559038,0.274059530802193,1.51307483699417,1.06104110621952
simulation 20241025T095432.mat,-2.29339202105379,0.005,0.0189312135804878,0.0303767049367025,"Version v3 (rhoS=9.60e-01, sigmaS=2.05e+01, R=2.03e-02)",60,1.0182502877166,2.61944523097928,0.906365531157066,1.86764984483735,1.86770407565684,0.230350103975162,1.70614402562586,1.12525759722093
simulation 20241025T095436.mat,-5.61764023175203,0.03,0.0189312135804878,0.303767049367025,"Version v3 (rhoS=9.60e-01, sigmaS=2.05e+01, R=2.03e-02)",90,1.03119696876223,2.09609517943476,0.516848850695317,1.7988425555363,1.80428957006611,0.311170799606245,0.496136177319922,0.995937257150052
simulation 20241025T095448.mat,-3.24334610001251,0.01,0.0189312135804878,0.0151883524683513,"Version v3 (rhoS=9.60e-01, sigmaS=2.05e+01, R=2.03e-02)",60,1.02670921974601,2.36971443264046,0.931471309652131,1.82913219191116,1.82913219191116,0.274300510424885,1.5369986277594,1.04551162800349
simulation 20241025T095455-3.mat,-3.24334610001251,0.01,0.0189312135804878,0.759417623417563,"Version v3 (rhoS=9.60e-01, sigmaS=2.05e+01, R=2.03e-02)",90,1.01220263799515,2.93970992600465,0.0904792704140212,1.89195051929478,1.89195051929478,0.224610988472632,0.42100567586058,1.16017070088892
simulation 20241025T095455.mat,-2.29339202105379,0.005,0.0189312135804878,0.0151883524683513,"Version v3 (rhoS=9.60e-01, sigmaS=2.05e+01, R=2.03e-02)",60,1.01872624961712,2.63203669980309,0.935639217375357,1.86637834260824,1.86643551254303,0.230397497485391,1.72041435695951,1.10679010961268
simulation 20241025T095510.mat,-1.02563609162638,0.001,0.0189312135804878,0.759417623417563,"Version v3 (rhoS=9.60e-01, sigmaS=2.05e+01, R=2.03e-02)",60,1.00600225423192,NaN,NaN,1.93809938754148,1.93809938754148,0.140461216623718,0.457070318304245,1.68263995048809
simulation 20241025T095519.mat,-56.1764023175203,3,0.0189312135804878,0.759417623417563,"Version v3 (rhoS=9.60e-01, sigmaS=2.05e+01, R=2.03e-02)",60,1.18816085792137,1.17331503656512,0.110357398057022,1.33884697061429,1.55195198507706,0.778288309010682,0.208808524661489,0.383410225684966
simulation 20241025T095522.mat,-5.61764023175203,0.03,0.0189312135804878,0.0759417623417563,"Version v3 (rhoS=9.60e-01, sigmaS=2.05e+01, R=2.03e-02)",90,1.04325275618124,2.07708349766303,0.81211498923576,1.7519675981313,1.81418668367727,0.332523224443073,0.668386595299875,0.983110098364311
simulation 20241025T095530.mat,-56.1764023175203,3,0.0189312135804878,0.303767049367025,"Version v3 (rhoS=9.60e-01, sigmaS=2.05e+01, R=2.03e-02)",60,1.30780289211995,1.22200204935051,0.233479210501053,1.05354679936623,1.49363237624226,0.885377052600342,0.233571746681645,0.408593163332582
simulation 20241025T095543.mat,-56.1764023175203,3,0.0189312135804878,0.0759417623417563,"Version v3 (rhoS=9.60e-01, sigmaS=2.05e+01, R=2.03e-02)",60,1.44084514071797,1.31475920301922,0.44506253427513,0.511109054564309,0.85798638996724,0.95952628495505,0.223078855995138,0.395581978881314
simulation 20241025T095556.mat,-56.1764023175203,3,0.0189312135804878,0.0303767049367025,"Version v3 (rhoS=9.60e-01, sigmaS=2.05e+01, R=2.03e-02)",60,1.48107941490616,1.32986896560778,0.575253069649457,0.113930998362215,0.630543225057458,0.97719893155488,0.205870515269267,0.385928519449727
simulation 20241025T095559.mat,-3.24334610001251,0.01,0.0189312135804878,0.303767049367025,"Version v3 (rhoS=9.60e-01, sigmaS=2.05e+01, R=2.03e-02)",90,1.01841949130843,2.44174129742932,0.507762445900751,1.86199160945074,1.8623302868397,0.251089108929658,0.659682451838122,1.15513145993738
simulation 20241025T095608.mat,-5.61764023175203,0.03,0.0189312135804878,0.0303767049367025,"Version v3 (rhoS=9.60e-01, sigmaS=2.05e+01, R=2.03e-02)",90,1.04749967363109,2.05761370307751,0.90133820590253,1.73799928323955,1.8275739043772,0.333428596060933,1.36746674912284,0.987233113688299
simulation 20241025T095609.mat,-56.1764023175203,3,0.0189312135804878,0.0151883524683513,"Version v3 (rhoS=9.60e-01, sigmaS=2.05e+01, R=2.03e-02)",60,1.49588110497307,1.32609152496064,0.657582576268637,-0.1176021945146,0.584487188183427,0.983722018836782,0.200414212112283,0.381731363175124
simulation 20241025T095620.mat,-1.02563609162638,0.001,0.0189312135804878,0.303767049367025,"Version v3 (rhoS=9.60e-01, sigmaS=2.05e+01, R=2.03e-02)",60,1.00833862179724,NaN,NaN,1.92371287848675,1.92371287848675,0.18645210239446,1.07321285941586,1.61758402823176
simulation 20241025T095622.mat,-17.7645382077326,0.3,0.0189312135804878,0.759417623417563,"Version v3 (rhoS=9.60e-01, sigmaS=2.05e+01, R=2.03e-02)",60,1.06156478662892,1.55714497787749,0.195410480508744,1.67102249085025,1.69417951241873,0.501082520931713,0.31562615185013,0.640905763131846
simulation 20241025T095637.mat,-17.7645382077326,0.3,0.0189312135804878,0.303767049367025,"Version v3 (rhoS=9.60e-01, sigmaS=2.05e+01, R=2.03e-02)",60,1.1040705648103,1.57267445609352,0.403279920147706,1.54710778542282,1.69542613784569,0.542112316472839,0.325279611281717,0.682037894622946
simulation 20241025T095652.mat,-17.7645382077326,0.3,0.0189312135804878,0.0759417623417563,"Version v3 (rhoS=9.60e-01, sigmaS=2.05e+01, R=2.03e-02)",60,1.1516423565195,1.61464601883954,0.684963445431378,1.36683908793154,1.49247678413355,0.5748762527021,0.371868045929808,0.703443391623417
simulation 20241025T095653.mat,-3.24334610001251,0.01,0.0189312135804878,0.0759417623417563,"Version v3 (rhoS=9.60e-01, sigmaS=2.05e+01, R=2.03e-02)",90,1.02403529588534,2.38585153414855,0.824458037395631,1.83693499471607,1.86409263198122,0.27638371500273,1.31913584726939,1.08343680458136
simulation 20241025T095654.mat,-5.61764023175203,0.03,0.0189312135804878,0.0151883524683513,"Version v3 (rhoS=9.60e-01, sigmaS=2.05e+01, R=2.03e-02)",90,1.04943468397516,2.05097106727775,0.934917545003238,1.7329439834956,1.75664506728162,0.334773218885774,1.4036576614112,0.987920282908964
simulation 20241025T095707.mat,-17.7645382077326,0.3,0.0189312135804878,0.0303767049367025,"Version v3 (rhoS=9.60e-01, sigmaS=2.05e+01, R=2.03e-02)",60,1.163179934302,1.6129671563297,0.812292637726794,1.27977714738059,1.44526566123183,0.58978868031902,0.52380510307043,0.695888510329133
simulation 20241025T095723.mat,-17.7645382077326,0.3,0.0189312135804878,0.0151883524683513,"Version v3 (rhoS=9.60e-01, sigmaS=2.05e+01, R=2.03e-02)",60,1.16746082303202,1.60667142191779,0.873728096894521,1.24011270047484,1.44901861941896,0.592093454712556,0.502399606069955,0.677001307093424
simulation 20241025T095729.mat,-1.02563609162638,0.001,0.0189312135804878,0.0759417623417563,"Version v3 (rhoS=9.60e-01, sigmaS=2.05e+01, R=2.03e-02)",60,1.00974484815619,3.29560710681769,0.726292833056911,1.91392823091308,1.91392823091308,0.18581466533337,1.04551162800349,1.6171643126043
simulation 20241025T095738.mat,-5.61764023175203,0.03,0.0189312135804878,0.759417623417563,"Version v3 (rhoS=9.60e-01, sigmaS=2.05e+01, R=2.03e-02)",60,1.01976146109875,2.19553244724447,0.20681541638223,1.84615600815967,1.84737922827734,0.283124149441285,0.337451364478065,0.975838833845095
simulation 20241025T095740.mat,-1.77645382077326,0.003,0.0189312135804878,0.759417623417563,"Version v3 (rhoS=9.60e-01, sigmaS=2.05e+01, R=2.03e-02)",90,1.00788268062318,NaN,NaN,1.92274256123069,1.92274256123069,0.192044635423792,0.662660185127669,1.40297049219054
simulation 20241025T095745.mat,-3.24334610001251,0.01,0.0189312135804878,0.0303767049367025,"Version v3 (rhoS=9.60e-01, sigmaS=2.05e+01, R=2.03e-02)",90,1.02600173090859,2.3771473906868,0.904704884565445,1.83090861028682,1.86125623962691,0.277450386957525,1.45153045045087,1.05961493826498
simulation 20241025T095759-1.mat,-1.02563609162638,0.001,0.0189312135804878,0.0303767049367025,"Version v3 (rhoS=9.60e-01, sigmaS=2.05e+01, R=2.03e-02)",60,1.00989409407755,3.2120836969531,0.881434937274491,1.91217017373368,1.91254873928721,0.185593490438787,1.05054821553301,1.72125378821443
simulation 20241025T095759.mat,-5.61764023175203,0.03,0.0189312135804878,0.303767049367025,"Version v3 (rhoS=9.60e-01, sigmaS=2.05e+01, R=2.03e-02)",60,1.03124219161615,2.09773870604624,0.515906612849871,1.7989070211106,1.82452755475536,0.321303074111693,0.530520553109794,0.994306321453344
simulation 20241025T095818.mat,-5.61764023175203,0.03,0.0189312135804878,0.0759417623417563,"Version v3 (rhoS=9.60e-01, sigmaS=2.05e+01, R=2.03e-02)",60,1.04314485143395,2.07969093406545,0.811246375900123,1.75229902405531,1.75229902405531,0.353058066405375,0.935546133608914,0.978776843237316
simulation 20241025T095829.mat,-1.02563609162638,0.001,0.0189312135804878,0.0151883524683513,"Version v3 (rhoS=9.60e-01, sigmaS=2.05e+01, R=2.03e-02)",60,1.0100048808048,3.18354303428581,0.935070084947239,1.9116186279651,1.91237444017401,0.185503525709104,1.05390594055269,1.78505056358838
simulation 20241025T095838-7.mat,-3.24334610001251,0.01,0.0189312135804878,0.0151883524683513,"Version v3 (rhoS=9.60e-01, sigmaS=2.05e+01, R=2.03e-02)",90,1.02687386674114,2.36844324722504,0.931971679673381,1.82881181518161,1.85986901935111,0.277830103925997,1.48611796789102,1.04793306151368
simulation 20241025T095838.mat,-5.61764023175203,0.03,0.0189312135804878,0.0303767049367025,"Version v3 (rhoS=9.60e-01, sigmaS=2.05e+01, R=2.03e-02)",60,1.04732858003864,2.05996429957482,0.900119622326058,1.7383028349843,1.7383028349843,0.355719679174853,1.24235825728233,0.982973999511918
simulation 20241025T095856.mat,-97.3003830003752,9,0.0189312135804878,0.759417623417563,"Version v3 (rhoS=9.60e-01, sigmaS=2.05e+01, R=2.03e-02)",30,1.30296493179107,1.05178318854189,0.076789052190503,1.09658183976685,1.23361388253131,0.939953652850789,0.149076272661682,0.296384842485479
simulation 20241025T095857.mat,-5.61764023175203,0.03,0.0189312135804878,0.0151883524683513,"Version v3 (rhoS=9.60e-01, sigmaS=2.05e+01, R=2.03e-02)",60,1.04922852326508,2.05324884953546,0.933749602685959,1.73310979670569,1.73310979670569,0.35835407651494,1.31664792334279,0.983813430766839
simulation 20241025T095859.mat,-97.3003830003752,9,0.0189312135804878,0.303767049367025,"Version v3 (rhoS=9.60e-01, sigmaS=2.05e+01, R=2.03e-02)",30,1.48057245296401,1.11306355358858,0.167624021427793,0.679886577118316,1.24062690409798,1.09298242708551,0.164396363923357,0.315240339422925
simulation 20241025T095902.mat,-97.3003830003752,9,0.0189312135804878,0.0759417623417563,"Version v3 (rhoS=9.60e-01, sigmaS=2.05e+01, R=2.03e-02)",30,1.68417231690217,1.21676878674453,0.341947731854068,-0.147381471199134,0.43770156103646,1.17852887904527,0.120793027255513,0.309347996629973
simulation 20241025T095905.mat,-97.3003830003752,9,0.0189312135804878,0.0303767049367025,"Version v3 (rhoS=9.60e-01, sigmaS=2.05e+01, R=2.03e-02)",30,1.75074775372921,1.23680275224057,0.458341491772199,-0.789640630832488,0.0208702171669056,1.20555327691238,0.112543747345381,0.298741779602659
simulation 20241025T095909-2.mat,-1.77645382077326,0.003,0.0189312135804878,0.303767049367025,"Version v3 (rhoS=9.60e-01, sigmaS=2.05e+01, R=2.03e-02)",90,1.01134892695225,3.01254986339515,0.373896378998044,1.90322055957109,1.90740859753034,0.190876548949159,0.674113005472081,1.36769580552973
simulation 20241025T095909.mat,-97.3003830003752,9,0.0189312135804878,0.0151883524683513,"Version v3 (rhoS=9.60e-01, sigmaS=2.05e+01, R=2.03e-02)",30,1.77739778045948,1.23562428368198,0.534910764299515,-1.18556496412972,-0.0888748528505519,1.22892177871905,0.20682123203261,0.291670968251117
simulation 20241025T095912.mat,-30.7690827487914,0.9,0.0189312135804878,0.759417623417563,"Version v3 (rhoS=9.60e-01, sigmaS=2.05e+01, R=2.03e-02)",30,1.10617443120487,1.35641731093749,0.154026991326557,1.53715568201756,1.65934954536033,0.624023716139783,0.238050648835255,0.503206074518083
simulation 20241025T095915.mat,-30.7690827487914,0.9,0.0189312135804878,0.303767049367025,"Version v3 (rhoS=9.60e-01, sigmaS=2.05e+01, R=2.03e-02)",30,1.17873714506086,1.38705749346084,0.319118070181218,1.35210199383325,1.51035348237994,0.712648651415186,0.281653985503099,0.536203194158613
simulation 20241025T095916.mat,-1.77645382077326,0.003,0.0189312135804878,0.759417623417563,"Version v3 (rhoS=9.60e-01, sigmaS=2.05e+01, R=2.03e-02)",60,1.00791388200389,NaN,NaN,1.92287406330024,1.92287406330024,0.188523354693046,0.557382353267252,1.40017133320737
simulation 20241025T095919.mat,-30.7690827487914,0.9,0.0189312135804878,0.0759417623417563,"Version v3 (rhoS=9.60e-01, sigmaS=2.05e+01, R=2.03e-02)",30,1.25828488257365,1.45658713841767,0.570302144834423,1.03777062773131,1.57847205016026,0.733056164540431,0.227444431807942,0.545630942627335
simulation 20241025T095923.mat,-30.7690827487914,0.9,0.0189312135804878,0.0303767049367025,"Version v3 (rhoS=9.60e-01, sigmaS=2.05e+01, R=2.03e-02)",30,1.28062513015114,1.46601488688639,0.702053554304112,0.848497850618546,1.19034494936176,0.772476836001938,0.379466875866098,0.532667788482842
simulation 20241025T095926.mat,-30.7690827487914,0.9,0.0189312135804878,0.0151883524683513,"Version v3 (rhoS=9.60e-01, sigmaS=2.05e+01, R=2.03e-02)",30,1.28893298604998,1.46247948121062,0.774082793097192,0.750931116832188,1.15165849744923,0.777349834886305,0.364146784604423,0.5255969771313
simulation 20241025T095929.mat,-1.02563609162638,0.001,0.0189312135804878,0.759417623417563,"Version v3 (rhoS=9.60e-01, sigmaS=2.05e+01, R=2.03e-02)",90,1.00600553111636,NaN,NaN,1.93787872796278,1.93797636954331,0.160243464479924,0.727941261090816,1.67463139076015
simulation 20241025T095930.mat,-9.73003830003752,0.09,0.0189312135804878,0.759417623417563,"Version v3 (rhoS=9.60e-01, sigmaS=2.05e+01, R=2.03e-02)",30,1.0335347846392,1.85255257410402,0.222076033250096,1.77832922420454,1.78136324542875,0.362387325039675,0.269869299917195,0.803715556958619
simulation 20241025T095935.mat,-9.73003830003752,0.09,0.0189312135804878,0.303767049367025,"Version v3 (rhoS=9.60e-01, sigmaS=2.05e+01, R=2.03e-02)",30,1.05523487700895,1.8301616714908,0.476574100427618,1.70158929544094,1.74425034410933,0.437325434974779,0.486707514697818,0.8426050193921
simulation 20241025T100015.mat,-1.77645382077326,0.003,0.0189312135804878,0.0759417623417563,"Version v3 (rhoS=9.60e-01, sigmaS=2.05e+01, R=2.03e-02)",90,1.01373759463594,2.80685721000939,0.809227204219265,1.88947364021764,1.89498926704615,0.219091996022866,1.06190550233386,1.23232346905871
simulation 20241025T100025.mat,-85.8108719634432,7,0.0189312135804878,0.0759417623417563,"Version v3 (rhoS=9.60e-01, sigmaS=2.05e+01, R=2.03e-02)",60,1.62222629727624,1.23574773614983,0.365418460923557,0.012805413970962,0.525689651937947,1.13394957402919,0.174706629930341,0.319928237031598
simulation 20241025T100038.mat,-85.8108719634432,7,0.0189312135804878,0.0303767049367025,"Version v3 (rhoS=9.60e-01, sigmaS=2.05e+01, R=2.03e-02)",60,1.68163053399676,1.25379550813062,0.487968416286757,-0.590368355328726,0.161826378742638,1.16334302989469,0.159596867341771,0.310694493227472
simulation 20241025T100101.mat,-1.02563609162638,0.001,0.0189312135804878,0.303767049367025,"Version v3 (rhoS=9.60e-01, sigmaS=2.05e+01, R=2.03e-02)",90,1.00829273884029,NaN,NaN,1.92359592525347,1.92359592525347,0.159471382498428,0.75474086069674,1.61049559683141
simulation 20241025T100102.mat,-27.1357803409565,0.7,0.0189312135804878,0.759417623417563,"Version v3 (rhoS=9.60e-01, sigmaS=2.05e+01, R=2.03e-02)",60,1.09412041601249,1.39429531442293,0.164390953588883,1.57104818696297,1.58494763786112,0.590362247006109,0.261482835907754,0.535557140639318
simulation 20241025T100116.mat,-27.1357803409565,0.7,0.0189312135804878,0.303767049367025,"Version v3 (rhoS=9.60e-01, sigmaS=2.05e+01, R=2.03e-02)",60,1.15893075713331,1.42367540834514,0.339574682647476,1.40015769335184,1.65109720809995,0.669753248655272,0.327378189419018,0.570813253345981
simulation 20241025T100117.mat,-1.77645382077326,0.003,0.0189312135804878,0.0303767049367025,"Version v3 (rhoS=9.60e-01, sigmaS=2.05e+01, R=2.03e-02)",90,1.01445777880557,2.79242665637542,0.908941282452763,1.88681631587931,1.89666576176733,0.219190409830709,1.69112345205611,1.16131598292336
simulation 20241025T100130.mat,-27.1357803409565,0.7,0.0189312135804878,0.0759417623417563,"Version v3 (rhoS=9.60e-01, sigmaS=2.05e+01, R=2.03e-02)",60,1.23056769931415,1.48789189934655,0.600285089971283,1.11906934420277,1.47265379971714,0.707381434305928,0.342487952007588,0.574170978365663
simulation 20241025T100144.mat,-27.1357803409565,0.7,0.0189312135804878,0.0303767049367025,"Version v3 (rhoS=9.60e-01, sigmaS=2.05e+01, R=2.03e-02)",60,1.24997832414913,1.49418763375846,0.734569873221594,0.955402194269503,1.2694450456897,0.712347557552345,0.322761317516955,0.567035812698839
simulation 20241025T100159.mat,-27.1357803409565,0.7,0.0189312135804878,0.0151883524683513,"Version v3 (rhoS=9.60e-01, sigmaS=2.05e+01, R=2.03e-02)",60,1.25655246476918,1.48957076185639,0.807163392596819,0.872588310929086,1.24002367444005,0.713967718564945,0.316885298732511,0.564937234561537
simulation 20241025T100214.mat,-8.58108719634432,0.07,0.0189312135804878,0.759417623417563,"Version v3 (rhoS=9.60e-01, sigmaS=2.05e+01, R=2.03e-02)",60,1.02964828161852,1.91138496745391,0.225407771933509,1.79626600489121,1.79626600489121,0.369917233288863,0.413000177420915,0.846146704959889
simulation 20241025T100218.mat,-1.77645382077326,0.003,0.0189312135804878,0.0151883524683513,"Version v3 (rhoS=9.60e-01, sigmaS=2.05e+01, R=2.03e-02)",90,1.01477434547955,2.79311382559608,0.944596566870842,1.88597165101078,1.88606259980779,0.219192708175797,1.70830268257274,1.13589072175876
simulation 20241025T100229.mat,-1.02563609162638,0.001,0.0189312135804878,0.0759417623417563,"Version v3 (rhoS=9.60e-01, sigmaS=2.05e+01, R=2.03e-02)",90,1.00969894773441,3.29039528495075,0.730022733659179,1.91382840085952,1.91382840085952,0.189404512992585,1.18926086456372,1.62652954531359
simulation 20241025T100231.mat,-8.58108719634432,0.07,0.0189312135804878,0.303767049367025,"Version v3 (rhoS=9.60e-01, sigmaS=2.05e+01, R=2.03e-02)",60,1.04841584960188,1.88242458915915,0.49014097512174,1.72771628856805,1.74261293155713,0.403447098957697,0.55360491262011,0.877625377019405
simulation 20241025T100250.mat,-8.58108719634432,0.07,0.0189312135804878,0.0759417623417563,"Version v3 (rhoS=9.60e-01, sigmaS=2.05e+01, R=2.03e-02)",60,1.06931452367658,1.88410345166899,0.78358497190723,1.65051666435125,1.76295424713412,0.401180768762674,0.504078468579796,0.895673149000194
simulation 20241025T100308.mat,-8.58108719634432,0.07,0.0189312135804878,0.0303767049367025,"Version v3 (rhoS=9.60e-01, sigmaS=2.05e+01, R=2.03e-02)",60,1.07616702316875,1.86731482657058,0.886807425342149,1.62325831333285,1.74842617973356,0.400245853263208,0.500301027932654,0.919596939765426
simulation 20241025T100319.mat,-32.4334610001251,1,0.0189312135804878,0.759417623417563,"Version v3 (rhoS=9.60e-01, sigmaS=2.05e+01, R=2.03e-02)",90,1.11218296777145,1.33276470347925,0.150764057387093,1.52187292055773,1.65769166265845,0.636740597275193,0.2658199601938,0.494189197861371
simulation 20241025T100325.mat,-8.58108719634432,0.07,0.0189312135804878,0.0151883524683513,"Version v3 (rhoS=9.60e-01, sigmaS=2.05e+01, R=2.03e-02)",60,1.07931814141088,1.85598250462916,0.928927938277521,1.61241548428318,1.73712862463576,0.427274142162814,0.818025757920055,0.932188408589233
simulation 20241025T100340.mat,-1.02563609162638,0.001,0.0189312135804878,0.0303767049367025,"Version v3 (rhoS=9.60e-01, sigmaS=2.05e+01, R=2.03e-02)",90,1.00988987768841,3.2125161066087,0.883910338899258,1.91192451660945,1.91235820709953,0.189191758683005,1.18513784923973,1.73029209763403
simulation 20241025T100343.mat,-2.71357803409565,0.007,0.0189312135804878,0.759417623417563,"Version v3 (rhoS=9.60e-01, sigmaS=2.05e+01, R=2.03e-02)",60,1.01056752565908,NaN,NaN,1.90253878421368,1.90300163094578,0.234425338399892,0.659373250740095,1.23858081663519
simulation 20241025T100351.mat,-32.4334610001251,1,0.0189312135804878,0.303767049367025,"Version v3 (rhoS=9.60e-01, sigmaS=2.05e+01, R=2.03e-02)",90,1.18852723229403,1.36712316451251,0.312631407131863,1.32707855067686,1.47662467040064,0.715065662706818,0.329268584901842,0.527402376860166
simulation 20241025T100424.mat,-32.4334610001251,1,0.0189312135804878,0.0759417623417563,"Version v3 (rhoS=9.60e-01, sigmaS=2.05e+01, R=2.03e-02)",90,1.27253016410125,1.43996310190301,0.56255584115621,0.992188792516451,1.29833304409169,0.756342641442569,0.292848616206612,0.526028038418836
simulation 20241025T100450.mat,-1.02563609162638,0.001,0.0189312135804878,0.0151883524683513,"Version v3 (rhoS=9.60e-01, sigmaS=2.05e+01, R=2.03e-02)",90,1.01002374283407,3.18182254808566,0.936793486674508,1.91121758572106,1.91241025287752,0.189098024723124,1.95453831997774,1.77335470212904
simulation 20241025T100452.mat,-2.71357803409565,0.007,0.0189312135804878,0.303767049367025,"Version v3 (rhoS=9.60e-01, sigmaS=2.05e+01, R=2.03e-02)",60,1.01577277029748,2.58502854952755,0.486925855415228,1.87680541692737,1.88412436953031,0.232941759104536,0.631252303700261,1.21171901647773
simulation 20241025T100500.mat,-32.4334610001251,1,0.0189312135804878,0.0303767049367025,"Version v3 (rhoS=9.60e-01, sigmaS=2.05e+01, R=2.03e-02)",90,1.29597595992954,1.44935441458543,0.698298916958571,0.782229254025923,1.1256721673766,0.762813725626909,0.276356554910659,0.515491443701978
simulation 20241025T100516.mat,-2.71357803409565,0.007,0.0189312135804878,0.0759417623417563,"Version v3 (rhoS=9.60e-01, sigmaS=2.05e+01, R=2.03e-02)",60,1.02017120307174,2.50444314905519,0.822481935473009,1.85647599625603,1.85647599625603,0.231318808879091,0.652657800700732,1.12148015657379
simulation 20241025T100535.mat,-32.4334610001251,1,0.0189312135804878,0.0151883524683513,"Version v3 (rhoS=9.60e-01, sigmaS=2.05e+01, R=2.03e-02)",90,1.30458801391892,1.44431517363389,0.775366791382441,0.671438798711402,1.09384094630577,0.764772018771838,0.271546370366006,0.510452202750436
simulation 20241025T100539.mat,-2.71357803409565,0.007,0.0189312135804878,0.0303767049367025,"Version v3 (rhoS=9.60e-01, sigmaS=2.05e+01, R=2.03e-02)",60,1.0216645092963,2.50444314905519,0.903778888381674,1.85200996574089,1.85200996574089,0.274227882724403,1.40436848948197,1.08622404386713
simulation 20241025T100559.mat,-97.3003830003752,9,0.0189312135804878,0.759417623417563,"Version v3 (rhoS=9.60e-01, sigmaS=2.05e+01, R=2.03e-02)",60,1.3038903686068,1.04855456630258,0.0770779382357266,1.09329028124199,1.1157456485821,0.939863376930508,0.191075539401292,0.296004446266362
simulation 20241025T100601.mat,-2.71357803409565,0.007,0.0189312135804878,0.0151883524683513,"Version v3 (rhoS=9.60e-01, sigmaS=2.05e+01, R=2.03e-02)",60,1.0223274376312,2.51157831472201,0.931167915014697,1.85056073231116,1.85056073231116,0.274585700760758,1.45725265854196,1.06901570314126
simulation 20241025T100609-6.mat,-10.2563609162638,0.1,0.0189312135804878,0.759417623417563,"Version v3 (rhoS=9.60e-01, sigmaS=2.05e+01, R=2.03e-02)",90,1.03541160895803,1.81114900926562,0.22323209377369,1.77021028122965,1.80995777394885,0.401310104449109,0.428335480881004,0.792535167833299
simulation 20241025T100609.mat,-97.3003830003752,9,0.0189312135804878,0.303767049367025,"Version v3 (rhoS=9.60e-01, sigmaS=2.05e+01, R=2.03e-02)",60,1.48255543330195,1.11025276353923,0.168292044103572,0.677814745235947,0.869826338531376,1.05667720591914,0.145326536008121,0.316150796384456
simulation 20241025T100620.mat,-97.3003830003752,9,0.0189312135804878,0.0759417623417563,"Version v3 (rhoS=9.60e-01, sigmaS=2.05e+01, R=2.03e-02)",60,1.68738684807852,1.21518167040428,0.344372814295567,-0.163632770278219,1.32382801012593,1.18513180225422,0.136932223458915,0.303979043188107
simulation 20241025T100624.mat,-8.58108719634432,0.07,0.0189312135804878,0.0759417623417563,"Version v3 (rhoS=9.60e-01, sigmaS=2.05e+01, R=2.03e-02)",90,1.06939492807755,1.88307272102857,0.784444243375382,1.65021119092389,1.7105680518619,0.411955409327326,0.630821344570204,0.897443002188111
simulation 20241025T100633.mat,-97.3003830003752,9,0.0189312135804878,0.0303767049367025,"Version v3 (rhoS=9.60e-01, sigmaS=2.05e+01, R=2.03e-02)",60,1.75435660225887,1.23364915801253,0.464366981303499,-0.841873546326761,-0.0562532199986729,1.21541976292728,0.126439332772408,0.290967858736839
simulation 20241025T100647.mat,-2.29339202105379,0.005,0.0189312135804878,0.0151883524683513,"Version v3 (rhoS=9.60e-01, sigmaS=2.05e+01, R=2.03e-02)",90,1.0187908709068,2.62842226904334,0.936812451088965,1.86652034644578,1.86652034644578,0.248926168469095,1.53902999788223,1.09786735821532
simulation 20241025T100650.mat,-7.2523423541868,0.05,0.0189312135804878,0.759417623417563,"Version v3 (rhoS=9.60e-01, sigmaS=2.05e+01, R=2.03e-02)",90,1.02518569555584,2.01088619607229,0.223499562106146,1.81765856733499,1.81945709660871,0.343518897232846,0.46521356239001,0.895839607339893
simulation 20241025T100706.mat,-8.58108719634432,0.07,0.0189312135804878,0.0303767049367025,"Version v3 (rhoS=9.60e-01, sigmaS=2.05e+01, R=2.03e-02)",90,1.07639912082312,1.86635160332572,0.887775949964182,1.62281743463181,1.70985344729835,0.411378557549531,0.612267775612257,0.921722981318264
simulation 20241025T100736.mat,-7.2523423541868,0.05,0.0189312135804878,0.303767049367025,"Version v3 (rhoS=9.60e-01, sigmaS=2.05e+01, R=2.03e-02)",90,1.04062311842736,1.96255529421884,0.503556742800823,1.75880050991925,1.75880050991925,0.365670269217987,0.559126689214186,0.923784488980258
simulation 20241025T100746.mat,-56.1764023175203,3,0.0189312135804878,0.759417623417563,"Version v3 (rhoS=9.60e-01, sigmaS=2.05e+01, R=2.03e-02)",90,1.18828126264674,1.17242521865744,0.110459396056885,1.33858539864517,1.37392558869385,0.768867129404708,0.198477376568659,0.383096840520577
simulation 20241025T100749.mat,-8.58108719634432,0.07,0.0189312135804878,0.0151883524683513,"Version v3 (rhoS=9.60e-01, sigmaS=2.05e+01, R=2.03e-02)",90,1.07962628593985,1.85535689579508,0.929889806636628,1.61209046716334,1.71029536762699,0.414083498318221,1.21010499759055,0.933404858069564
simulation 20241025T100815.mat,-56.1764023175203,3,0.0189312135804878,0.303767049367025,"Version v3 (rhoS=9.60e-01, sigmaS=2.05e+01, R=2.03e-02)",90,1.30797194461348,1.22144328973152,0.233644523639392,1.05296993465644,1.37865461055065,0.876855176074958,0.222528299291924,0.408293045278283
simulation 20241025T100821.mat,-7.2523423541868,0.05,0.0189312135804878,0.0759417623417563,"Version v3 (rhoS=9.60e-01, sigmaS=2.05e+01, R=2.03e-02)",90,1.05744312669046,1.95637077123285,0.797728559965815,1.6951025648078,1.75222491685539,0.383881814425265,0.71832089200151,0.933175801662675
simulation 20241025T100831.mat,-2.71357803409565,0.007,0.0189312135804878,0.759417623417563,"Version v3 (rhoS=9.60e-01, sigmaS=2.05e+01, R=2.03e-02)",90,1.01058831088885,NaN,NaN,1.90279777943384,1.90296478434008,0.223484246123481,0.575389694103251,1.22522272044518
simulation 20241025T100846.mat,-56.1764023175203,3,0.0189312135804878,0.0759417623417563,"Version v3 (rhoS=9.60e-01, sigmaS=2.05e+01, R=2.03e-02)",90,1.44107978925252,1.31444019092818,0.445808019734105,0.508644552277968,0.952292218819678,0.948818580375449,0.193438135617118,0.396153055713207
simulation 20241025T100906.mat,-7.2523423541868,0.05,0.0189312135804878,0.0303767049367025,"Version v3 (rhoS=9.60e-01, sigmaS=2.05e+01, R=2.03e-02)",90,1.06330245603402,1.93804625868178,0.895002497177953,1.67418086485746,1.77989554884413,0.383381845179662,0.691750348802475,0.950584088586181
simulation 20241025T100920.mat,-56.1764023175203,3,0.0189312135804878,0.0303767049367025,"Version v3 (rhoS=9.60e-01, sigmaS=2.05e+01, R=2.03e-02)",90,1.48158009467929,1.32932885737593,0.576949413579529,0.108418731383922,0.668942763633732,0.965079730068495,0.222299242885036,0.38538740458946
simulation 20241025T100951.mat,-7.2523423541868,0.05,0.0189312135804878,0.0151883524683513,"Version v3 (rhoS=9.60e-01, sigmaS=2.05e+01, R=2.03e-02)",90,1.0659978470823,1.92819683318558,0.933290970270015,1.66616672045603,1.77871653471212,0.388455771569524,1.26347514039552,0.95722672438594
simulation 20241025T100955.mat,-56.1764023175203,3,0.0189312135804878,0.0151883524683513,"Version v3 (rhoS=9.60e-01, sigmaS=2.05e+01, R=2.03e-02)",90,1.49645302603613,1.32543489845882,0.660252372231097,-0.125373836459444,0.616604412910207,0.971799322463511,0.215885663492165,0.381035332858583
simulation 20241025T101000.mat,-2.71357803409565,0.007,0.0189312135804878,0.303767049367025,"Version v3 (rhoS=9.60e-01, sigmaS=2.05e+01, R=2.03e-02)",90,1.01572676780232,2.58146570563123,0.48881295544985,1.87688269488531,1.87688269488531,0.221865965863457,0.580199878647904,1.2130827308801
simulation 20241025T101030.mat,-17.7645382077326,0.3,0.0189312135804878,0.759417623417563,"Version v3 (rhoS=9.60e-01, sigmaS=2.05e+01, R=2.03e-02)",90,1.0615930458003,1.5555220591782,0.19569930678999,1.67102283075253,1.7457601552939,0.512174522807778,0.410010968329945,0.642045108507728
simulation 20241025T101036.mat,-2.29339202105379,0.005,0.0189312135804878,0.759417623417563,"Version v3 (rhoS=9.60e-01, sigmaS=2.05e+01, R=2.03e-02)",90,1.0093567004151,NaN,NaN,1.91165222326449,1.91198191434097,0.19298078673946,0.447118106245839,1.295313980953
simulation 20241025T101059.mat,-2.71357803409565,0.007,0.0189312135804878,0.0759417623417563,"Version v3 (rhoS=9.60e-01, sigmaS=2.05e+01, R=2.03e-02)",90,1.02010974963382,2.50037973759274,0.823838861988302,1.85618771007955,1.85856160657976,0.248114372670877,0.884615843402369,1.12466695782124
simulation 20241025T101107.mat,-17.7645382077326,0.3,0.0189312135804878,0.303767049367025,"Version v3 (rhoS=9.60e-01, sigmaS=2.05e+01, R=2.03e-02)",90,1.10413983805686,1.57178506406727,0.40356896654428,1.54692626190262,1.68962356371804,0.557291196783686,0.46131960347291,0.681900923306281
simulation 20241025T101145.mat,-17.7645382077326,0.3,0.0189312135804878,0.0759417623417563,"Version v3 (rhoS=9.60e-01, sigmaS=2.05e+01, R=2.03e-02)",90,1.15183420643494,1.61370238652784,0.685782371913807,1.36641746469048,1.56784785538786,0.579317084690513,0.448034331873392,0.702515999926222
simulation 20241025T101155.mat,-2.71357803409565,0.007,0.0189312135804878,0.0303767049367025,"Version v3 (rhoS=9.60e-01, sigmaS=2.05e+01, R=2.03e-02)",90,1.02158132055558,2.49992162477897,0.905757576965569,1.85159333143936,1.85422880653105,0.248571239701771,1.58369599722547,1.08504019942958
simulation 20241025T101209.mat,-2.29339202105379,0.005,0.0189312135804878,0.303767049367025,"Version v3 (rhoS=9.60e-01, sigmaS=2.05e+01, R=2.03e-02)",90,1.01373589280552,2.73126859573622,0.458082940033287,1.88864629977275,1.89286660252212,0.220951986149806,0.753137465848522,1.27195022745039
simulation 20241025T101248.mat,-27.1357803409565,0.7,0.0189312135804878,0.759417623417563,"Version v3 (rhoS=9.60e-01, sigmaS=2.05e+01, R=2.03e-02)",90,1.09417164073586,1.39335012310123,0.164538525475195,1.57096692439684,1.61610126494738,0.602417320473277,0.318159349167762,0.535533879304698
simulation 20241025T101251.mat,-2.71357803409565,0.007,0.0189312135804878,0.0151883524683513,"Version v3 (rhoS=9.60e-01, sigmaS=2.05e+01, R=2.03e-02)",90,1.02223791444403,2.50633520417184,0.932750932697477,1.85014934835302,1.85299354494834,0.248687529118735,1.60385296103164,1.06579946125096
simulation 20241025T101311.mat,-2.29339202105379,0.005,0.0189312135804878,0.0759417623417563,"Version v3 (rhoS=9.60e-01, sigmaS=2.05e+01, R=2.03e-02)",90,1.01718452349133,2.61811473073337,0.820470557218163,1.87142001224493,1.87142001224493,0.248303162347162,1.33035961120692,1.16337749058535
simulation 20241025T101321.mat,-27.1357803409565,0.7,0.0189312135804878,0.303767049367025,"Version v3 (rhoS=9.60e-01, sigmaS=2.05e+01, R=2.03e-02)",90,1.15903741574696,1.42289839958983,0.339831306925308,1.39984128423011,1.57670980411474,0.661751510105663,0.31197482618178,0.571037622372375
simulation 20241025T101347.mat,-72.523423541868,5,0.0189312135804878,0.759417623417563,"Version v3 (rhoS=9.60e-01, sigmaS=2.05e+01, R=2.03e-02)",90,1.23638025613833,1.11052272469589,0.0939015977054755,1.23368316708294,1.30089285431952,0.839650359989349,0.180324656322766,0.339747915516979
simulation 20241025T101357.mat,-27.1357803409565,0.7,0.0189312135804878,0.0759417623417563,"Version v3 (rhoS=9.60e-01, sigmaS=2.05e+01, R=2.03e-02)",90,1.23061666764693,1.48726324992546,0.601117336924409,1.11813166397301,1.39949540405846,0.699092347192229,0.377714014958704,0.574702524882586
simulation 20241025T101410.mat,-2.29339202105379,0.005,0.0189312135804878,0.0303767049367025,"Version v3 (rhoS=9.60e-01, sigmaS=2.05e+01, R=2.03e-02)",90,1.01830980142747,2.61857284354714,0.907124534034525,1.86773857925424,1.86773857925424,0.248791262216397,1.50490059325587,1.11825337842837
simulation 20241025T101415.mat,-27.1357803409565,0.7,0.0189312135804878,0.0303767049367025,"Version v3 (rhoS=9.60e-01, sigmaS=2.05e+01, R=2.03e-02)",90,1.25011953829555,1.49367682931834,0.736056661937331,0.953248913813476,1.25918354861893,0.706916026894008,0.347249512842568,0.566685550641498
simulation 20241025T101433.mat,-3.07690827487914,0.009,0.0189312135804878,0.303767049367025,"Version v3 (rhoS=9.60e-01, sigmaS=2.05e+01, R=2.03e-02)",90,1.01756945504227,2.48113899941412,0.503336064023275,1.86665628241471,1.86665628241471,0.250580521171149,0.729544655939034,1.17185257764022
simulation 20241025T101451.mat,-27.1357803409565,0.7,0.0189312135804878,0.0151883524683513,"Version v3 (rhoS=9.60e-01, sigmaS=2.05e+01, R=2.03e-02)",90,1.25669793954898,1.48863758836679,0.809273887074591,0.869874614895202,1.23961603364605,0.708721042367622,0.339919707822145,0.563249704538175
simulation 20241025T101509.mat,-85.8108719634432,7,0.0189312135804878,0.759417623417563,"Version v3 (rhoS=9.60e-01, sigmaS=2.05e+01, R=2.03e-02)",90,1.27336224431455,1.07364464318689,0.0839987893735979,1.15596049715544,1.35517984993553,0.881791998085402,0.158793354075272,0.314093597945496
simulation 20241025T101527.mat,-8.58108719634432,0.07,0.0189312135804878,0.759417623417563,"Version v3 (rhoS=9.60e-01, sigmaS=2.05e+01, R=2.03e-02)",90,1.02966890284408,1.90895609500696,0.225819696487513,1.79601046878452,1.79611397684302,0.372094163222428,0.46131960347291,0.843843802976263
simulation 20241025T101530.mat,-3.07690827487914,0.009,0.0189312135804878,0.0759417623417563,"Version v3 (rhoS=9.60e-01, sigmaS=2.05e+01, R=2.03e-02)",90,1.02280313825713,2.41906471314737,0.824463272507758,1.8429565423352,1.86202471864283,0.248795876957336,0.725421640615046,1.09672207618088
simulation 20241025T101535.mat,-85.8108719634432,7,0.0189312135804878,0.303767049367025,"Version v3 (rhoS=9.60e-01, sigmaS=2.05e+01, R=2.03e-02)",90,1.43667976683418,1.13251213975716,0.181905735606858,0.774369390843336,1.38014063209494,1.01674568442807,0.176888810219443,0.334708674565437
simulation 20241025T101604.mat,-85.8108719634432,7,0.0189312135804878,0.0759417623417563,"Version v3 (rhoS=9.60e-01, sigmaS=2.05e+01, R=2.03e-02)",90,1.62277070367532,1.23558752285687,0.36610694849856,0.00879518222469355,1.35650633267299,1.12213263751136,0.150547323427296,0.320278120931478
simulation 20241025T101610.mat,-8.58108719634432,0.07,0.0189312135804878,0.303767049367025,"Version v3 (rhoS=9.60e-01, sigmaS=2.05e+01, R=2.03e-02)",90,1.04845347096287,1.88078215695969,0.490429732554372,1.72779104551092,1.78520742609133,0.394389495188276,0.516064084719198,0.878431320416387
simulation 20241025T101625.mat,-3.07690827487914,0.009,0.0189312135804878,0.0303767049367025,"Version v3 (rhoS=9.60e-01, sigmaS=2.05e+01, R=2.03e-02)",90,1.02461069277561,2.41310924656827,0.904704212149236,1.83735274778134,1.85757588391062,0.277453220938442,1.41511048175562,1.06969342016806
simulation 20241025T101636.mat,-85.8108719634432,7,0.0189312135804878,0.0303767049367025,"Version v3 (rhoS=9.60e-01, sigmaS=2.05e+01, R=2.03e-02)",90,1.68247122424862,1.25322486618726,0.489690466531152,-0.600500825923318,0.14102134552606,1.14757463139898,0.13955261589666,0.310428695435284
simulation 20241025T101653.mat,-9.73003830003752,0.09,0.0189312135804878,0.0759417623417563,"Version v3 (rhoS=9.60e-01, sigmaS=2.05e+01, R=2.03e-02)",90,1.0797909461973,1.8313059730718,0.77233621916954,1.61207617327287,1.75039021849472,0.438085247956513,0.612954944832922,0.868581894920193
simulation 20241025T101719.mat,-3.07690827487914,0.009,0.0189312135804878,0.0151883524683513,"Version v3 (rhoS=9.60e-01, sigmaS=2.05e+01, R=2.03e-02)",90,1.02540910854055,2.40990245687183,0.931728644574393,1.83546842765535,1.85579700062414,0.277895661977775,1.46023459391263,1.05617909216166
simulation 20241025T101735.mat,-9.73003830003752,0.09,0.0189312135804878,0.0303767049367025,"Version v3 (rhoS=9.60e-01, sigmaS=2.05e+01, R=2.03e-02)",90,1.0876703876756,1.81664636303094,0.880316003990582,1.57870050443659,1.70744217211396,0.437771942189974,0.590049304144098,0.898130171408775
simulation 20241025T101744.mat,-30.7690827487914,0.9,0.0189312135804878,0.759417623417563,"Version v3 (rhoS=9.60e-01, sigmaS=2.05e+01, R=2.03e-02)",90,1.10656736536393,1.35005846219932,0.154848361439963,1.53684209418398,1.64859538809965,0.631956152600938,0.305332190382021,0.506443715629892
simulation 20241025T101814.mat,-30.7690827487914,0.9,0.0189312135804878,0.0303767049367025,"Version v3 (rhoS=9.60e-01, sigmaS=2.05e+01, R=2.03e-02)",90,1.28177731718073,1.46206704516774,0.709652133005398,0.835002301346463,1.18086793972536,0.74737452959339,0.313807277436886,0.530494638353157
simulation 20241025T101816.mat,-9.73003830003752,0.09,0.0189312135804878,0.0151883524683513,"Version v3 (rhoS=9.60e-01, sigmaS=2.05e+01, R=2.03e-02)",90,1.09128158644245,1.80610976831408,0.925588212108539,1.56536454394664,1.70183255153309,0.437553131319286,0.584322893971892,0.914622232704728
simulation 20241025T101817.mat,-30.7690827487914,0.9,0.0189312135804878,0.303767049367025,"Version v3 (rhoS=9.60e-01, sigmaS=2.05e+01, R=2.03e-02)",90,1.17937179712404,1.38327164119814,0.320610299391648,1.34941600206558,1.62480765851511,0.695662986521709,0.289985411120509,0.539656894628686
simulation 20241025T101850.mat,-30.7690827487914,0.9,0.0189312135804878,0.0151883524683513,"Version v3 (rhoS=9.60e-01, sigmaS=2.05e+01, R=2.03e-02)",90,1.28964017643956,1.45725686062308,0.785642081755054,0.732775268024898,1.1510414803141,0.74962599085313,0.307164641637127,0.52362294614651
simulation 20241025T101852.mat,-30.7690827487914,0.9,0.0189312135804878,0.0759417623417563,"Version v3 (rhoS=9.60e-01, sigmaS=2.05e+01, R=2.03e-02)",90,1.2595725910067,1.45359195811287,0.574016843488584,1.030762928711,1.5761515090503,0.738925900573046,0.33923253860148,0.539427838221798
simulation 20241025T101858.mat,-3.07690827487914,0.009,0.0189312135804878,0.759417623417563,"Version v3 (rhoS=9.60e-01, sigmaS=2.05e+01, R=2.03e-02)",90,1.01169231036829,NaN,NaN,1.89535977453854,1.8957776922484,0.224307806459635,0.459258095810916,1.17597559296421
simulation 20241025T101927.mat,-9.73003830003752,0.09,0.0189312135804878,0.759417623417563,"Version v3 (rhoS=9.60e-01, sigmaS=2.05e+01, R=2.03e-02)",90,1.03360164898772,1.839093890906,0.224534069256499,1.77813765895195,1.77828256125601,0.397440942090201,0.535762935711586,0.807652890687922
simulation 20241025T102005.mat,-9.73003830003752,0.09,0.0189312135804878,0.303767049367025,"Version v3 (rhoS=9.60e-01, sigmaS=2.05e+01, R=2.03e-02)",90,1.05533551174488,1.82260182961004,0.478673287982761,1.70237791406449,1.74494727256406,0.421271548537783,0.519270874415633,0.84430191579004
simulation 20241025T102019.mat,-97.3003830003752,9,0.0189312135804878,0.759417623417563,"Version v3 (rhoS=9.60e-01, sigmaS=2.05e+01, R=2.03e-02)",90,1.30389299747392,1.04776126920852,0.0770943152973907,1.09324996249816,1.1551780329636,0.920849484108286,0.153525056716843,0.296227198208214
simulation 20241025T102043.mat,-97.3003830003752,9,0.0189312135804878,0.303767049367025,"Version v3 (rhoS=9.60e-01, sigmaS=2.05e+01, R=2.03e-02)",90,1.48243804593836,1.10960649906834,0.168369813641843,0.677366258424182,1.16641045014238,1.06256695772983,0.172765794895455,0.315467936386826
simulation 20241025T102106.mat,-97.3003830003752,9,0.0189312135804878,0.0759417623417563,"Version v3 (rhoS=9.60e-01, sigmaS=2.05e+01, R=2.03e-02)",90,1.68779564191123,1.21474338983004,0.344885725069423,-0.167790590833092,0.68853572342544,1.17943429097636,0.145279026068866,0.30195360838042
simulation 20241025T102132.mat,-97.3003830003752,9,0.0189312135804878,0.0303767049367025,"Version v3 (rhoS=9.60e-01, sigmaS=2.05e+01, R=2.03e-02)",90,1.75466805064108,1.2330679023811,0.465952299869249,-0.85311376977967,-0.00254403500211231,1.20978246821697,0.133826205724455,0.291187957256673
simulation 20241025T105940.mat,-30.7690827487914,0.9,0.0189312135804878,0.759417623417563,"Version v3 (rhoS=9.60e-01, sigmaS=2.05e+01, R=2.03e-02)",60,1.10652061748699,1.35106460479452,0.154717021420953,1.53704077401811,1.59283267461557,0.631382802565395,0.280370039143467,0.506596762344558
simulation 20241025T105951.mat,-30.7690827487914,0.9,0.0189312135804878,0.303767049367025,"Version v3 (rhoS=9.60e-01, sigmaS=2.05e+01, R=2.03e-02)",60,1.17932313952923,1.38380242373642,0.320487470059866,1.34931744827892,1.39977952425783,0.706229217248301,0.355499136458857,0.541013443796301
simulation 20241025T110001.mat,-30.7690827487914,0.9,0.0189312135804878,0.0759417623417563,"Version v3 (rhoS=9.60e-01, sigmaS=2.05e+01, R=2.03e-02)",60,1.25928425116124,1.45431464914974,0.573346601581487,1.03227249696229,1.57752403952662,0.744552105548979,0.358017430223619,0.53975429691392
simulation 20241025T110013.mat,-30.7690827487914,0.9,0.0189312135804878,0.0303767049367025,"Version v3 (rhoS=9.60e-01, sigmaS=2.05e+01, R=2.03e-02)",60,1.28169611666177,1.46270896169894,0.708148364155719,0.837871990227712,1.18033776575427,0.754774825276509,0.326538758164097,0.529681121854874
simulation 20241025T110024.mat,-30.7690827487914,0.9,0.0189312135804878,0.0151883524683513,"Version v3 (rhoS=9.60e-01, sigmaS=2.05e+01, R=2.03e-02)",60,1.28967035875239,1.45767237416942,0.783558354716671,0.736712174211143,1.14900780000601,0.757237940194373,0.318983876869812,0.522965671815509
simulation 20241025T110035.mat,-9.73003830003752,0.09,0.0189312135804878,0.759417623417563,"Version v3 (rhoS=9.60e-01, sigmaS=2.05e+01, R=2.03e-02)",60,1.0335775829933,1.84129245766805,0.22420830319016,1.7781929839768,1.77864606343009,0.372480730030975,0.324440180026796,0.806693435978629
simulation 20241025T110049.mat,-9.73003830003752,0.09,0.0189312135804878,0.303767049367025,"Version v3 (rhoS=9.60e-01, sigmaS=2.05e+01, R=2.03e-02)",60,1.05531101088186,1.82366440131472,0.478148883813779,1.7024429171699,1.70858950083909,0.40932082797403,0.413000177420915,0.845726989332429
simulation 20241025T110103.mat,-9.73003830003752,0.09,0.0189312135804878,0.0759417623417563,"Version v3 (rhoS=9.60e-01, sigmaS=2.05e+01, R=2.03e-02)",60,1.07980530099861,1.83247842949139,0.771475878991844,1.61243914226449,1.68974656811359,0.438333188174532,0.55444434387503,0.86797191758782
simulation 20241025T110117.mat,-9.73003830003752,0.09,0.0189312135804878,0.0303767049367025,"Version v3 (rhoS=9.60e-01, sigmaS=2.05e+01, R=2.03e-02)",60,1.08763501995782,1.81778838253028,0.879218693959581,1.57888783724365,1.63711260662692,0.437611333121984,0.542272590678682,0.897352011510035
simulation 20241025T110130.mat,-9.73003830003752,0.09,0.0189312135804878,0.0151883524683513,"Version v3 (rhoS=9.60e-01, sigmaS=2.05e+01, R=2.03e-02)",60,1.09119254493691,1.80729549184377,0.924282694044956,1.56541155172849,1.6355428593068,0.437396929743182,1.1835980694379,0.913720920980983
simulation 20241025T110144.mat,-3.07690827487914,0.009,0.0189312135804878,0.759417623417563,"Version v3 (rhoS=9.60e-01, sigmaS=2.05e+01, R=2.03e-02)",60,1.01165574332081,NaN,NaN,1.89520658036641,1.89558516074841,0.235457274317277,0.511213634246621,1.17310517875139
simulation 20241025T110239.mat,-3.07690827487914,0.009,0.0189312135804878,0.303767049367025,"Version v3 (rhoS=9.60e-01, sigmaS=2.05e+01, R=2.03e-02)",60,1.01755185017458,2.48471651456456,0.502025586663022,1.86680630834041,1.86680630834041,0.233726740880021,0.520447378050747,1.17058688498663
simulation 20241025T110257.mat,-3.07690827487914,0.009,0.0189312135804878,0.0759417623417563,"Version v3 (rhoS=9.60e-01, sigmaS=2.05e+01, R=2.03e-02)",60,1.02273259884584,2.42217888607298,0.82348949928642,1.84324546527657,1.84324546527657,0.273294314801324,1.38757986438356,1.08874233763189
simulation 20241025T110315.mat,-3.07690827487914,0.009,0.0189312135804878,0.0303767049367025,"Version v3 (rhoS=9.60e-01, sigmaS=2.05e+01, R=2.03e-02)",60,1.02454952721927,2.416722582916,0.904086930202389,1.83773640257691,1.83773640257691,0.274123041479985,1.49292848687608,1.06104110621952
simulation 20241025T110332.mat,-3.07690827487914,0.009,0.0189312135804878,0.0151883524683513,"Version v3 (rhoS=9.60e-01, sigmaS=2.05e+01, R=2.03e-02)",60,1.02535858116957,2.41336485789632,0.931173119525289,1.83598733105054,1.83598733105054,0.274386410326555,1.52104943391591,1.04886935302317
simulation 20241025T110350.mat,-85.8108719634432,7,0.0189312135804878,0.759417623417563,"Version v3 (rhoS=9.60e-01, sigmaS=2.05e+01, R=2.03e-02)",60,1.27311821383576,1.07457693520511,0.083909680242232,1.15649999073911,1.45335673662447,0.89239615249759,0.166732033008595,0.314471933874614
simulation 20241025T110358.mat,-85.8108719634432,7,0.0189312135804878,0.303767049367025,"Version v3 (rhoS=9.60e-01, sigmaS=2.05e+01, R=2.03e-02)",60,1.43636340454607,1.13291740742208,0.181758444859754,0.775270705172032,1.39224013622834,1.02686264026458,0.185619236244308,0.334618283992708
simulation 20241025T110408.mat,-72.523423541868,5,0.0189312135804878,0.303767049367025,"Version v3 (rhoS=9.60e-01, sigmaS=2.05e+01, R=2.03e-02)",90,1.38115975610495,1.16572531875596,0.201339269594545,0.89352465169684,1.27496233977797,0.960604749582512,0.201397845756484,0.361966386985137
simulation 20241025T110431.mat,-72.523423541868,5,0.0189312135804878,0.0759417623417563,"Version v3 (rhoS=9.60e-01, sigmaS=2.05e+01, R=2.03e-02)",90,1.54424786602099,1.26513579934546,0.396347879887448,0.223282796070534,0.844024309573114,1.05206604867702,0.170933343640349,0.34868111538562
simulation 20241025T110456.mat,-72.523423541868,5,0.0189312135804878,0.0303767049367025,"Version v3 (rhoS=9.60e-01, sigmaS=2.05e+01, R=2.03e-02)",90,1.59560223088106,1.28185691704831,0.523104598671086,-0.295412187952766,0.381933356941814,1.0738607824263,0.158564297668384,0.337228295041208
simulation 20241025T120524.mat,-22.9339202105379,0.5,0.0189312135804878,0.759417623417563,"Version v3 (rhoS=9.60e-01, sigmaS=2.05e+01, R=2.03e-02)",90,1.07964878178848,1.45450818374042,0.177382716584707,1.61340926935642,1.69511965925254,0.549585965998401,0.281281267658756,0.576993088951469
simulation 20241025T120551.mat,-22.9339202105379,0.5,0.0189312135804878,0.303767049367025,"Version v3 (rhoS=9.60e-01, sigmaS=2.05e+01, R=2.03e-02)",90,1.13485189161041,1.47924627568437,0.365585701617935,1.46243844944849,1.65204248911236,0.621285239279322,0.380691748248251,0.613871170460475
simulation 20241025T120619.mat,-22.9339202105379,0.5,0.0189312135804878,0.0759417623417563,"Version v3 (rhoS=9.60e-01, sigmaS=2.05e+01, R=2.03e-02)",90,1.19605340537762,1.53513603896513,0.63629854626715,1.22497169834396,1.56965705327928,0.648793393982103,0.361680066476527,0.624407765177334
simulation 20241025T120647.mat,-22.9339202105379,0.5,0.0189312135804878,0.0303767049367025,"Version v3 (rhoS=9.60e-01, sigmaS=2.05e+01, R=2.03e-02)",90,1.21211142424646,1.53857188506846,0.769306365189278,1.09569464248125,1.36271577986011,0.651512349978148,0.344729892366798,0.615703621715581
simulation 20241025T120716.mat,-22.9339202105379,0.5,0.0189312135804878,0.0151883524683513,"Version v3 (rhoS=9.60e-01, sigmaS=2.05e+01, R=2.03e-02)",90,1.21845295426866,1.53330358771002,0.838225702861871,1.03271984597692,1.34170610366735,0.65556154671803,0.435894342308316,0.62097191907401
