bounce,We,Oh,Bo,file_name
1,0.01,0.0151883524683513,0.0189312135804878,WeOhSweep20241109T155035.mat
1,0.1,0.0151883524683513,0.0189312135804878,WeOhSweep20241109T161533.mat
1,1,0.0151883524683513,0.0189312135804878,WeOhSweep20241109T161819.mat
1,0.15591,0.0303767049367025,0.0189312135804878,directComparison20241114T133132.mat
1,0.25459,0.0303767049367025,0.0189312135804878,directComparison20241114T133216.mat
1,0.062007,0.0303767049367025,0.0189312135804878,directComparison20241114T133651.mat
1,0.095856,0.0303767049367025,0.0189312135804878,directComparison20241114T133744.mat
1,3.5801,0.0303767049367025,0.0189312135804878,directComparison20241114T133950.mat
1,0.81868,0.0303767049367025,0.0189312135804878,directComparison20241114T134327.mat
1,0.023778,0.0303767049367025,0.0189312135804878,directComparison20241114T134405.mat
1,2.3001,0.0303767049367025,0.0189312135804878,directComparison20241114T134620.mat
1,1.4044,0.0303767049367025,0.0189312135804878,directComparison20241114T134647.mat
1,0.1,0.303767049367025,0.0189312135804878,simulation 20241025T095216.mat
0,0.01,0.303767049367025,0.0189312135804878,simulation 20241025T095559.mat
1,1,0.303767049367025,0.0189312135804878,simulation 20241025T100351.mat
1,9,0.303767049367025,0.0189312135804878,simulation 20241025T102043.mat
1,4,0.0151883524683513,0.0189312135804878,simulation 20241106T163959.mat
0,0,0,0,
0,0,0,0,
0,0,0,0,
1,0.18,0.077,0.018,directComparisonOhSweep20241209T164113-6.mat
1,3.53,0.077,0.018,directComparisonOhSweep20241209T164113.mat
1,0.13,0.305,0.0186,directComparisonOhSweep20241209T164202.mat
0,0,0,0,
0,0,0,0,
1,2.51188643150958,0.0151883524683513,0.0189312135804878,HighWeSweep20241110T145920-9.mat
1,1.99526231496888,0.0759417623417563,0,HighWeSweep20241110T145920.mat
1,1.25892541179417,0.759417623417563,0.0189312135804878,HighWeSweep20241110T145954.mat
1,3.16227766016838,0.759417623417563,0.0189312135804878,HighWeSweep20241110T145957.mat
1,1.99526231496888,0.0303767049367025,0,HighWeSweep20241110T150017.mat
1,1.99526231496888,0.0151883524683513,0,HighWeSweep20241110T150103.mat
1,3.16227766016838,0.303767049367025,0.0189312135804878,HighWeSweep20241110T150104.mat
1,1.25892541179417,0.303767049367025,0.0189312135804878,HighWeSweep20241110T150108.mat
1,3.16227766016838,0.0759417623417563,0.0189312135804878,HighWeSweep20241110T150153.mat
1,1.25892541179417,0.0759417623417563,0.0189312135804878,HighWeSweep20241110T150205.mat
1,3.16227766016838,0.0303767049367025,0.0189312135804878,HighWeSweep20241110T150306.mat
1,1.25892541179417,0.0303767049367025,0.0189312135804878,HighWeSweep20241110T150316.mat
1,3.16227766016838,0.0151883524683513,0.0189312135804878,HighWeSweep20241110T150355.mat
1,1.25892541179417,0.0151883524683513,0.0189312135804878,HighWeSweep20241110T150407.mat
0,0,0,0,
1,1.25892541179417,0.759417623417563,0,HighWeSweep20241110T150541.mat
1,1.25892541179417,0.303767049367025,0,HighWeSweep20241110T150652.mat
1,1.25892541179417,0.0759417623417563,0,HighWeSweep20241110T150744.mat
1,1.25892541179417,0.0303767049367025,0,HighWeSweep20241110T150850.mat
1,1.25892541179417,0.0151883524683513,0,HighWeSweep20241110T150957.mat
0,0,0,0,
0,0,0,0,
0,0,0,0,
0,0,0,0,
0,0,0,0,
0,0,0,0,
0,0,0,0,
1,1.58489319246111,0.759417623417563,0.0189312135804878,HighWeSweep20241111T104836-5.mat
1,2.51188643150958,0.759417623417563,0,HighWeSweep20241111T104836.mat
1,3.16227766016838,0.759417623417563,0,HighWeSweep20241111T104900.mat
1,2.51188643150958,0.303767049367025,0,HighWeSweep20241111T104925.mat
1,5.01187233627272,0.759417623417563,0.0189312135804878,HighWeSweep20241111T104928.mat
1,1.58489319246111,0.303767049367025,0.0189312135804878,HighWeSweep20241111T104931.mat
1,3.16227766016838,0.303767049367025,0,HighWeSweep20241111T104947.mat
1,2.51188643150958,0.0759417623417563,0,HighWeSweep20241111T105002.mat
1,1.58489319246111,0.0759417623417563,0.0189312135804878,HighWeSweep20241111T105009.mat
1,5.01187233627272,0.303767049367025,0.0189312135804878,HighWeSweep20241111T105016.mat
1,3.16227766016838,0.0759417623417563,0,HighWeSweep20241111T105021.mat
1,2.51188643150958,0.0303767049367025,0,HighWeSweep20241111T105035.mat
1,1.58489319246111,0.0303767049367025,0.0189312135804878,HighWeSweep20241111T105045.mat
1,5.01187233627272,0.0759417623417563,0.0189312135804878,HighWeSweep20241111T105050.mat
1,3.16227766016838,0.0303767049367025,0,HighWeSweep20241111T105055.mat
1,2.51188643150958,0.0151883524683513,0,HighWeSweep20241111T105110.mat
1,1.58489319246111,0.0151883524683513,0.0189312135804878,HighWeSweep20241111T105120.mat
1,5.01187233627272,0.0303767049367025,0.0189312135804878,HighWeSweep20241111T105123.mat
1,3.16227766016838,0.0151883524683513,0,HighWeSweep20241111T105130.mat
0,0,0,0,
0,0,0,0,
0,0,0,0,
0,0,0,0,
1,1.99526231496888,0.759417623417563,0.0189312135804878,HighWeSweep20241111T125149.mat
0,0,0,0,
1,1.58489319246111,0.759417623417563,0,HighWeSweep20241111T125200.mat
1,2.51188643150958,0.759417623417563,0.0189312135804878,HighWeSweep20241111T125207.mat
1,5.01187233627272,0.759417623417563,0,HighWeSweep20241111T125247.mat
1,1.99526231496888,0.303767049367025,0.0189312135804878,HighWeSweep20241111T125331.mat
1,1.58489319246111,0.303767049367025,0,HighWeSweep20241111T125339.mat
1,2.51188643150958,0.303767049367025,0.0189312135804878,HighWeSweep20241111T125348.mat
1,5.01187233627272,0.303767049367025,0,HighWeSweep20241111T125419.mat
1,1.99526231496888,0.0759417623417563,0.0189312135804878,HighWeSweep20241111T125450.mat
1,1.58489319246111,0.0759417623417563,0,HighWeSweep20241111T125500.mat
1,2.51188643150958,0.0759417623417563,0.0189312135804878,HighWeSweep20241111T125507.mat
1,6.30957344480194,0.759417623417563,0.0189312135804878,HighWeSweep20241111T125531.mat
1,1.99526231496888,0.0303767049367025,0.0189312135804878,HighWeSweep20241111T125603.mat
1,1.58489319246111,0.0303767049367025,0,HighWeSweep20241111T125615.mat
1,2.51188643150958,0.0303767049367025,0.0189312135804878,HighWeSweep20241111T125619.mat
1,6.30957344480194,0.303767049367025,0.0189312135804878,HighWeSweep20241111T125706.mat
1,1.99526231496888,0.0151883524683513,0.0189312135804878,HighWeSweep20241111T125713.mat
1,1.58489319246111,0.0151883524683513,0,HighWeSweep20241111T125725.mat
0,0,0,0,
1,6.30957344480194,0.0759417623417563,0.0189312135804878,HighWeSweep20241111T125812.mat
0,0,0,0,
0,0,0,0,
1,6.30957344480194,0.0303767049367025,0.0189312135804878,HighWeSweep20241111T125922.mat
1,5.01187233627272,0.0759417623417563,0,HighWeSweep20241111T125958.mat
1,7.94328234724282,0.0759417623417563,0,HighWeSweep20241111T130035.mat
1,5.01187233627272,0.0303767049367025,0,HighWeSweep20241111T130108.mat
1,7.94328234724282,0.0303767049367025,0,HighWeSweep20241111T130139.mat
0,0,0,0,
0,0,0,0,
0,0,0,0,
0,0,0,0,
1,1.99526231496888,0.759417623417563,0,HighWeSweep20241111T145824.mat
1,1.99526231496888,0.303767049367025,0,HighWeSweep20241111T145916.mat
1,3.98107170553497,0.0151883524683513,0.0189312135804878,HighWeSweep20241111T145956.mat
0,0,0,0,
0,0,0,0,
0,0,0,0,
0,0,0,0,
1,6.30957344480194,0.759417623417563,0,HighWeSweep20241111T165731.mat
1,6.30957344480194,0.303767049367025,0,HighWeSweep20241111T165819.mat
1,6.30957344480194,0.0759417623417563,0,HighWeSweep20241111T165855.mat
1,6.30957344480194,0.0303767049367025,0,HighWeSweep20241111T165929.mat
0,0,0,0,
1,3.98107170553497,0.759417623417563,0,HighWeSweep20241111T170034.mat
1,3.98107170553497,0.303767049367025,0,HighWeSweep20241111T170124.mat
1,3.98107170553497,0.0759417623417563,0,HighWeSweep20241111T170201.mat
1,3.98107170553497,0.759417623417563,0.0189312135804878,HighWeSweep20241111T170225.mat
1,3.98107170553497,0.0303767049367025,0,HighWeSweep20241111T170237.mat
1,3.98107170553497,0.0151883524683513,0,HighWeSweep20241111T170312.mat
1,3.98107170553497,0.303767049367025,0.0189312135804878,HighWeSweep20241111T170317.mat
0,0,0,0,
1,3.98107170553497,0.0759417623417563,0.0189312135804878,HighWeSweep20241111T170354.mat
1,10,0.759417623417563,0,HighWeSweep20241111T170430-2.mat
1,3.98107170553497,0.0303767049367025,0.0189312135804878,HighWeSweep20241111T170430.mat
1,7.94328234724282,0.759417623417563,0.0189312135804878,HighWeSweep20241111T170505.mat
1,10,0.303767049367025,0,HighWeSweep20241111T170516.mat
0,0,0,0,
1,7.94328234724282,0.303767049367025,0.0189312135804878,HighWeSweep20241111T170554.mat
1,7.94328234724282,0.0759417623417563,0.0189312135804878,HighWeSweep20241111T170629.mat
1,7.94328234724282,0.0303767049367025,0.0189312135804878,HighWeSweep20241111T170704.mat
1,10,0.0303767049367025,0.0189312135804878,HighWeSweep20241111T170740.mat
1,10,0.303767049367025,0.0189312135804878,HighWeSweep20241111T170816.mat
1,10,0.759417623417563,0.0189312135804878,HighWeSweep20241111T170850.mat
0,0,0,0,
1,10,0.0759417623417563,0,HighWeSweep20241111T190350.mat
1,10,0.0303767049367025,0,HighWeSweep20241111T190419.mat
0,0,0,0,
0,0,0,0,
1,10,0.0759417623417563,0.0189312135804878,HighWeSweep20241111T210552.mat
0,0,0,0,
1,7.94328234724282,0.759417623417563,0,HighWeSweep20241112T010012.mat
1,7.94328234724282,0.303767049367025,0,HighWeSweep20241112T010046.mat
0,1e-05,0.303767049367025,0.01,WeBoSweep20241112T113711-2.mat
0,1.33352143216332e-05,0.303767049367025,0,WeBoSweep20241112T113711-6.mat
0,1.33352143216332e-05,0.303767049367025,0.1,WeBoSweep20241112T113711-9.mat
0,1.77827941003892e-05,0.303767049367025,0.001,WeBoSweep20241112T113711.mat
0,1.77827941003892e-05,0.0151883524683513,0.001,WeBoSweep20241112T113839.mat
0,1.33352143216332e-05,0.0151883524683513,0,WeBoSweep20241112T113840.mat
0,1e-05,0.0151883524683513,0.01,WeBoSweep20241112T113842.mat
0,1.33352143216332e-05,0.0151883524683513,0.1,WeBoSweep20241112T113845.mat
0,1e-05,0.303767049367025,1,WeBoSweep20241112T114007-5.mat
0,0,0,0,
0,0,0,0,
0,0,0,0,
0,0,0,0,
0,0,0,0,
0,1e-05,0.0151883524683513,1,WeBoSweep20241112T114147-2.mat
0,0,0,0,
0,0,0,0,
0,0,0,0,
0,0,0,0,
0,0,0,0,
0,0,0,0,
0,0,0,0,
0,0,0,0,
0,0,0,0,
0,7.49894209332456e-05,0.303767049367025,0,WeBoSweep20241112T114552.mat
0,0.001,0.303767049367025,0.1,WeBoSweep20241112T114606.mat
1,0.00421696503428582,0.303767049367025,0.01,WeBoSweep20241112T114622.mat
0,0.000237137370566166,0.303767049367025,1,WeBoSweep20241112T114634.mat
1,7.49894209332456e-05,0.0151883524683513,0,WeBoSweep20241112T114728.mat
0,0.001,0.0151883524683513,0.1,WeBoSweep20241112T114740.mat
1,0.00421696503428582,0.0151883524683513,0.01,WeBoSweep20241112T114800.mat
0,0.000237137370566166,0.0151883524683513,1,WeBoSweep20241112T114813.mat
0,5.62341325190349e-05,0.303767049367025,1,WeBoSweep20241112T114902.mat
0,0.001,0.303767049367025,0.01,WeBoSweep20241112T114912.mat
1,0.00421696503428582,0.303767049367025,0.001,WeBoSweep20241112T114926.mat
0,0.000237137370566166,0.303767049367025,0.1,WeBoSweep20241112T114955.mat
0,5.62341325190349e-05,0.0151883524683513,1,WeBoSweep20241112T115043.mat
1,0.001,0.0151883524683513,0.01,WeBoSweep20241112T115048.mat
1,0.00421696503428582,0.0151883524683513,0.001,WeBoSweep20241112T115056.mat
0,0.000237137370566166,0.0151883524683513,0.1,WeBoSweep20241112T115128.mat
1,0.00421696503428582,0.303767049367025,0,WeBoSweep20241112T115215.mat
1,0.001,0.303767049367025,0.001,WeBoSweep20241112T115225-7.mat
0,5.62341325190349e-05,0.303767049367025,0.1,WeBoSweep20241112T115225.mat
0,0.000237137370566166,0.303767049367025,0.01,WeBoSweep20241112T115300.mat
1,0.00421696503428582,0.0151883524683513,0,WeBoSweep20241112T115343.mat
0,5.62341325190349e-05,0.0151883524683513,0.1,WeBoSweep20241112T115400.mat
1,0.001,0.0151883524683513,0.001,WeBoSweep20241112T115404.mat
0,0.000237137370566166,0.0151883524683513,0.01,WeBoSweep20241112T115428.mat
0,0.00316227766016838,0.303767049367025,1,WeBoSweep20241112T115500.mat
0,5.62341325190349e-05,0.303767049367025,0.01,WeBoSweep20241112T115533.mat
1,0.001,0.303767049367025,0,WeBoSweep20241112T115541.mat
1,0.000237137370566166,0.303767049367025,0.001,WeBoSweep20241112T115607.mat
0,0.00316227766016838,0.0151883524683513,1,WeBoSweep20241112T115641.mat
0,5.62341325190349e-05,0.0151883524683513,0.01,WeBoSweep20241112T115703.mat
1,0.001,0.0151883524683513,0,WeBoSweep20241112T115720.mat
1,0.000237137370566166,0.0151883524683513,0.001,WeBoSweep20241112T115743.mat
0,0.00316227766016838,0.303767049367025,0.1,WeBoSweep20241112T115821.mat
0,5.62341325190349e-05,0.303767049367025,0.001,WeBoSweep20241112T115832.mat
0,0.000749894209332456,0.303767049367025,1,WeBoSweep20241112T115908.mat
1,0.000237137370566166,0.303767049367025,0,WeBoSweep20241112T115917.mat
0,0.00316227766016838,0.0151883524683513,0.1,WeBoSweep20241112T115954.mat
0,5.62341325190349e-05,0.0151883524683513,0.001,WeBoSweep20241112T120005.mat
0,0.000749894209332456,0.0151883524683513,1,WeBoSweep20241112T120049.mat
1,0.000237137370566166,0.0151883524683513,0,WeBoSweep20241112T120053.mat
1,0.00316227766016838,0.303767049367025,0.01,WeBoSweep20241112T120106.mat
0,5.62341325190349e-05,0.303767049367025,0,WeBoSweep20241112T120136.mat
0,0.000177827941003892,0.303767049367025,1,WeBoSweep20241112T120227.mat
0,0.000749894209332456,0.303767049367025,0.1,WeBoSweep20241112T120229.mat
1,0.00316227766016838,0.0151883524683513,0.01,WeBoSweep20241112T120243.mat
0,5.62341325190349e-05,0.0151883524683513,0,WeBoSweep20241112T120309.mat
0,0.000749894209332456,0.0151883524683513,0.1,WeBoSweep20241112T120403.mat
0,0.000177827941003892,0.0151883524683513,1,WeBoSweep20241112T120407.mat
1,0.00316227766016838,0.303767049367025,0.001,WeBoSweep20241112T120418.mat
0,4.21696503428582e-05,0.303767049367025,1,WeBoSweep20241112T120443.mat
0,0.000749894209332456,0.303767049367025,0.01,WeBoSweep20241112T120535.mat
0,0.000177827941003892,0.303767049367025,0.1,WeBoSweep20241112T120548.mat
1,0.00316227766016838,0.0151883524683513,0.001,WeBoSweep20241112T120556.mat
0,4.21696503428582e-05,0.0151883524683513,1,WeBoSweep20241112T120627.mat
1,0.000749894209332456,0.0151883524683513,0.01,WeBoSweep20241112T120710.mat
1,0.00316227766016838,0.303767049367025,0,WeBoSweep20241112T120719.mat
0,0.000177827941003892,0.0151883524683513,0.1,WeBoSweep20241112T120722.mat
0,4.21696503428582e-05,0.303767049367025,0.1,WeBoSweep20241112T120809.mat
1,0.000749894209332456,0.303767049367025,0.001,WeBoSweep20241112T120847.mat
1,0.00316227766016838,0.0151883524683513,0,WeBoSweep20241112T120853.mat
0,0.000177827941003892,0.303767049367025,0.01,WeBoSweep20241112T120854.mat
0,4.21696503428582e-05,0.0151883524683513,0.1,WeBoSweep20241112T120944.mat
0,0.00237137370566166,0.303767049367025,1,WeBoSweep20241112T121015.mat
0,0.000177827941003892,0.0151883524683513,0.01,WeBoSweep20241112T121022.mat
1,0.000749894209332456,0.0151883524683513,0.001,WeBoSweep20241112T121025.mat
0,4.21696503428582e-05,0.303767049367025,0.01,WeBoSweep20241112T121117.mat
0,0.00237137370566166,0.0151883524683513,1,WeBoSweep20241112T121156.mat
1,0.000749894209332456,0.303767049367025,0,WeBoSweep20241112T121203-4.mat
1,0.000177827941003892,0.303767049367025,0.001,WeBoSweep20241112T121203.mat
0,4.21696503428582e-05,0.0151883524683513,0.01,WeBoSweep20241112T121249.mat
0,0.00237137370566166,0.303767049367025,0.1,WeBoSweep20241112T121337-3.mat
1,0.000177827941003892,0.0151883524683513,0.001,WeBoSweep20241112T121337.mat
1,0.000749894209332456,0.0151883524683513,0,WeBoSweep20241112T121341.mat
0,4.21696503428582e-05,0.303767049367025,0.001,WeBoSweep20241112T121417.mat
1,0.000177827941003892,0.303767049367025,0,WeBoSweep20241112T121510.mat
0,0.00237137370566166,0.0151883524683513,0.1,WeBoSweep20241112T121511.mat
0,0.000562341325190349,0.303767049367025,1,WeBoSweep20241112T121517.mat
0,4.21696503428582e-05,0.0151883524683513,0.001,WeBoSweep20241112T121549.mat
1,0.00237137370566166,0.303767049367025,0.01,WeBoSweep20241112T121623.mat
1,0.000177827941003892,0.0151883524683513,0,WeBoSweep20241112T121645.mat
0,0.000562341325190349,0.0151883524683513,1,WeBoSweep20241112T121658.mat
0,4.21696503428582e-05,0.303767049367025,0,WeBoSweep20241112T121721.mat
1,0.00237137370566166,0.0151883524683513,0.01,WeBoSweep20241112T121809.mat
0,0.000133352143216332,0.303767049367025,1,WeBoSweep20241112T121816.mat
0,0.000562341325190349,0.303767049367025,0.1,WeBoSweep20241112T121838.mat
0,4.21696503428582e-05,0.0151883524683513,0,WeBoSweep20241112T121853.mat
1,0.00237137370566166,0.303767049367025,0.001,WeBoSweep20241112T121947.mat
0,0.000133352143216332,0.0151883524683513,1,WeBoSweep20241112T121956.mat
0,0.000562341325190349,0.0151883524683513,0.1,WeBoSweep20241112T122012.mat
0,3.16227766016838e-05,0.303767049367025,1,WeBoSweep20241112T122026.mat
1,0.00237137370566166,0.0151883524683513,0.001,WeBoSweep20241112T122131.mat
0,0.000133352143216332,0.303767049367025,0.1,WeBoSweep20241112T122137.mat
0,0.000562341325190349,0.303767049367025,0.01,WeBoSweep20241112T122144.mat
0,3.16227766016838e-05,0.0151883524683513,1,WeBoSweep20241112T122209.mat
1,0.00237137370566166,0.303767049367025,0,WeBoSweep20241112T122302.mat
0,0.000133352143216332,0.0151883524683513,0.1,WeBoSweep20241112T122311.mat
1,0.000562341325190349,0.0151883524683513,0.01,WeBoSweep20241112T122318.mat
0,3.16227766016838e-05,0.303767049367025,0.1,WeBoSweep20241112T122352.mat
1,0.00237137370566166,0.0151883524683513,0,WeBoSweep20241112T122442.mat
0,0.000133352143216332,0.303767049367025,0.01,WeBoSweep20241112T122443.mat
1,0.000562341325190349,0.303767049367025,0.001,WeBoSweep20241112T122454.mat
0,3.16227766016838e-05,0.0151883524683513,0.1,WeBoSweep20241112T122527.mat
0,0.00177827941003892,0.303767049367025,1,WeBoSweep20241112T122610.mat
0,0.000133352143216332,0.0151883524683513,0.01,WeBoSweep20241112T122612.mat
1,0.000562341325190349,0.0151883524683513,0.001,WeBoSweep20241112T122632.mat
0,3.16227766016838e-05,0.303767049367025,0.01,WeBoSweep20241112T122659.mat
0,0.00177827941003892,0.0151883524683513,1,WeBoSweep20241112T122751.mat
0,0.000133352143216332,0.303767049367025,0.001,WeBoSweep20241112T122752.mat
1,0.000562341325190349,0.303767049367025,0,WeBoSweep20241112T122808.mat
0,3.16227766016838e-05,0.0151883524683513,0.01,WeBoSweep20241112T122831.mat
1,0.000133352143216332,0.0151883524683513,0.001,WeBoSweep20241112T122926.mat
0,0.00177827941003892,0.303767049367025,0.1,WeBoSweep20241112T122932.mat
1,0.000562341325190349,0.0151883524683513,0,WeBoSweep20241112T122947.mat
0,3.16227766016838e-05,0.303767049367025,0.001,WeBoSweep20241112T122958.mat
1,0.000133352143216332,0.303767049367025,0,WeBoSweep20241112T123057.mat
0,0.00177827941003892,0.0151883524683513,0.1,WeBoSweep20241112T123105.mat
0,0.000421696503428582,0.303767049367025,1,WeBoSweep20241112T123122.mat
0,3.16227766016838e-05,0.0151883524683513,0.001,WeBoSweep20241112T123129.mat
1,0.000133352143216332,0.0151883524683513,0,WeBoSweep20241112T123234.mat
1,0.00177827941003892,0.303767049367025,0.01,WeBoSweep20241112T123235.mat
0,3.16227766016838e-05,0.303767049367025,0,WeBoSweep20241112T123301.mat
0,0.000421696503428582,0.0151883524683513,1,WeBoSweep20241112T123303.mat
0,0.0001,0.303767049367025,1,WeBoSweep20241112T123405.mat
1,0.00177827941003892,0.0151883524683513,0.01,WeBoSweep20241112T123417.mat
0,3.16227766016838e-05,0.0151883524683513,0,WeBoSweep20241112T123431.mat
0,0.000421696503428582,0.303767049367025,0.1,WeBoSweep20241112T123443.mat
0,0.0001,0.0151883524683513,1,WeBoSweep20241112T123545.mat
1,0.00177827941003892,0.303767049367025,0.001,WeBoSweep20241112T123554.mat
0,0,0,0,
0,0.000421696503428582,0.0151883524683513,0.1,WeBoSweep20241112T123617.mat
0,0.0001,0.303767049367025,0.1,WeBoSweep20241112T123727.mat
1,0.00177827941003892,0.0151883524683513,0.001,WeBoSweep20241112T123733.mat
0,0,0,0,
0,0.000421696503428582,0.303767049367025,0.01,WeBoSweep20241112T123750.mat
0,0.0001,0.0151883524683513,0.1,WeBoSweep20241112T123902.mat
1,0.00177827941003892,0.303767049367025,0,WeBoSweep20241112T123910.mat
1,0.000421696503428582,0.0151883524683513,0.01,WeBoSweep20241112T123922.mat
0,0,0,0,
0,0.0001,0.303767049367025,0.01,WeBoSweep20241112T124034.mat
1,0.00177827941003892,0.0151883524683513,0,WeBoSweep20241112T124058.mat
0,0,0,0,
1,0.000421696503428582,0.303767049367025,0.001,WeBoSweep20241112T124105.mat
0,0.0001,0.0151883524683513,0.01,WeBoSweep20241112T124203.mat
0,0.00133352143216332,0.303767049367025,1,WeBoSweep20241112T124231.mat
0,0,0,0,
1,0.000421696503428582,0.0151883524683513,0.001,WeBoSweep20241112T124243.mat
0,0.0001,0.303767049367025,0.001,WeBoSweep20241112T124342.mat
0,0,0,0,
0,0.00133352143216332,0.0151883524683513,1,WeBoSweep20241112T124412.mat
1,0.000421696503428582,0.303767049367025,0,WeBoSweep20241112T124419.mat
1,0.0001,0.0151883524683513,0.001,WeBoSweep20241112T124517.mat
0,0,0,0,
0,0.00133352143216332,0.303767049367025,0.1,WeBoSweep20241112T124553.mat
1,0.000421696503428582,0.0151883524683513,0,WeBoSweep20241112T124557.mat
1,0.0001,0.303767049367025,0,WeBoSweep20241112T124647.mat
0,0,0,0,
0,0.00133352143216332,0.0151883524683513,0.1,WeBoSweep20241112T124726.mat
0,0.000316227766016838,0.303767049367025,1,WeBoSweep20241112T124733.mat
1,0.0001,0.0151883524683513,0,WeBoSweep20241112T124822.mat
0,0,0,0,
0,0.00133352143216332,0.303767049367025,0.01,WeBoSweep20241112T124857.mat
0,0.000316227766016838,0.0151883524683513,1,WeBoSweep20241112T124915.mat
0,7.49894209332456e-05,0.303767049367025,1,WeBoSweep20241112T124955.mat
0,0,0,0,
1,0.00133352143216332,0.0151883524683513,0.01,WeBoSweep20241112T125035.mat
0,0.000316227766016838,0.303767049367025,0.1,WeBoSweep20241112T125056.mat
0,0,0,0,
0,7.49894209332456e-05,0.0151883524683513,1,WeBoSweep20241112T125135.mat
1,0.00133352143216332,0.303767049367025,0.001,WeBoSweep20241112T125212.mat
0,0.000316227766016838,0.0151883524683513,0.1,WeBoSweep20241112T125230.mat
0,0,0,0,
0,7.49894209332456e-05,0.303767049367025,0.1,WeBoSweep20241112T125317.mat
1,0.00133352143216332,0.0151883524683513,0.001,WeBoSweep20241112T125352.mat
0,0.000316227766016838,0.303767049367025,0.01,WeBoSweep20241112T125403.mat
0,7.49894209332456e-05,0.0151883524683513,0.1,WeBoSweep20241112T125453.mat
0,0,0,0,
0,0.000316227766016838,0.0151883524683513,0.01,WeBoSweep20241112T125532.mat
1,0.00133352143216332,0.303767049367025,0,WeBoSweep20241112T125536.mat
0,7.49894209332456e-05,0.303767049367025,0.01,WeBoSweep20241112T125626.mat
0,0,0,0,
1,0.000316227766016838,0.303767049367025,0.001,WeBoSweep20241112T125714.mat
1,0.00133352143216332,0.0151883524683513,0,WeBoSweep20241112T125715.mat
0,7.49894209332456e-05,0.0151883524683513,0.01,WeBoSweep20241112T125755.mat
0,0,0,0,
1,0.000316227766016838,0.0151883524683513,0.001,WeBoSweep20241112T125852.mat
0,0.001,0.303767049367025,1,WeBoSweep20241112T125856.mat
0,7.49894209332456e-05,0.303767049367025,0.001,WeBoSweep20241112T125933.mat
0,0,0,0,
1,0.000316227766016838,0.303767049367025,0,WeBoSweep20241112T130028.mat
0,0.001,0.0151883524683513,1,WeBoSweep20241112T130037.mat
0,0.00749894209332456,0.303767049367025,1,WeBoSweep20241112T130103.mat
0,7.49894209332456e-05,0.0151883524683513,0.001,WeBoSweep20241112T130108.mat
1,0.000316227766016838,0.0151883524683513,0,WeBoSweep20241112T130205.mat
0,0.0316227766016838,0.303767049367025,0.1,WeBoSweep20241112T130217.mat
1,0.0749894209332456,0.303767049367025,0,WeBoSweep20241112T130239.mat
0,0.00749894209332456,0.0151883524683513,1,WeBoSweep20241112T130245.mat
1,0.0749894209332456,0.0151883524683513,0,WeBoSweep20241112T130333.mat
1,0.0177827941003892,0.303767049367025,0.001,WeBoSweep20241112T130340.mat
1,0.0316227766016838,0.0151883524683513,0.1,WeBoSweep20241112T130351.mat
0,0.0562341325190349,0.303767049367025,1,WeBoSweep20241112T130420.mat
0,0.00749894209332456,0.303767049367025,0.1,WeBoSweep20241112T130428.mat
1,0.0177827941003892,0.0151883524683513,0.001,WeBoSweep20241112T130449.mat
1,0.0316227766016838,0.303767049367025,0.01,WeBoSweep20241112T130455.mat
1,0.0177827941003892,0.303767049367025,0,WeBoSweep20241112T130550.mat
1,0.0316227766016838,0.0151883524683513,0.01,WeBoSweep20241112T130601.mat
0,0.0562341325190349,0.0151883524683513,1,WeBoSweep20241112T130602.mat
1,0.00749894209332456,0.0151883524683513,0.1,WeBoSweep20241112T130604.mat
1,0.0316227766016838,0.303767049367025,0.001,WeBoSweep20241112T130657.mat
1,0.0177827941003892,0.0151883524683513,0,WeBoSweep20241112T130659.mat
1,0.00749894209332456,0.303767049367025,0.01,WeBoSweep20241112T130718.mat
0,0.0562341325190349,0.303767049367025,0.1,WeBoSweep20241112T130745.mat
0,0.0133352143216332,0.303767049367025,1,WeBoSweep20241112T130758-3.mat
1,0.0316227766016838,0.0151883524683513,0.001,WeBoSweep20241112T130758.mat
1,0.0316227766016838,0.303767049367025,0,WeBoSweep20241112T130852.mat
1,0.00749894209332456,0.0151883524683513,0.01,WeBoSweep20241112T130856.mat
1,0.0562341325190349,0.0151883524683513,0.1,WeBoSweep20241112T130919.mat
0,0.0133352143216332,0.0151883524683513,1,WeBoSweep20241112T130940.mat
1,0.0316227766016838,0.0151883524683513,0,WeBoSweep20241112T130954.mat
1,0.00749894209332456,0.303767049367025,0.001,WeBoSweep20241112T131010.mat
1,0.0562341325190349,0.303767049367025,0.01,WeBoSweep20241112T131012.mat
0,0.0237137370566166,0.303767049367025,1,WeBoSweep20241112T131048.mat
1,0.0562341325190349,0.0151883524683513,0.01,WeBoSweep20241112T131112.mat
0,0.0133352143216332,0.303767049367025,0.1,WeBoSweep20241112T131122.mat
1,0.00749894209332456,0.0151883524683513,0.001,WeBoSweep20241112T131131.mat
1,0.0562341325190349,0.303767049367025,0.001,WeBoSweep20241112T131202.mat
0,0.0237137370566166,0.0151883524683513,1,WeBoSweep20241112T131229.mat
1,0.00749894209332456,0.303767049367025,0,WeBoSweep20241112T131242.mat
1,0.0133352143216332,0.0151883524683513,0.1,WeBoSweep20241112T131257.mat
1,0.0562341325190349,0.0151883524683513,0.001,WeBoSweep20241112T131259.mat
1,0.0562341325190349,0.303767049367025,0,WeBoSweep20241112T131349.mat
1,0.00749894209332456,0.0151883524683513,0,WeBoSweep20241112T131401.mat
0,0.0237137370566166,0.303767049367025,0.1,WeBoSweep20241112T131410-1.mat
1,0.0133352143216332,0.303767049367025,0.01,WeBoSweep20241112T131410.mat
1,0.0562341325190349,0.0151883524683513,0,WeBoSweep20241112T131445.mat
0,0.00562341325190349,0.303767049367025,1,WeBoSweep20241112T131511.mat
1,0.0133352143216332,0.0151883524683513,0.01,WeBoSweep20241112T131530.mat
0,0.0421696503428582,0.303767049367025,1,WeBoSweep20241112T131534.mat
1,0.0237137370566166,0.0151883524683513,0.1,WeBoSweep20241112T131543.mat
1,0.0133352143216332,0.303767049367025,0.001,WeBoSweep20241112T131636.mat
0,0.00562341325190349,0.0151883524683513,1,WeBoSweep20241112T131654.mat
1,0.0237137370566166,0.303767049367025,0.01,WeBoSweep20241112T131657.mat
0,0.0421696503428582,0.0151883524683513,1,WeBoSweep20241112T131717.mat
1,0.0133352143216332,0.0151883524683513,0.001,WeBoSweep20241112T131749.mat
1,0.0237137370566166,0.0151883524683513,0.01,WeBoSweep20241112T131807.mat
0,0.00562341325190349,0.303767049367025,0.1,WeBoSweep20241112T131837.mat
1,0.0133352143216332,0.303767049367025,0,WeBoSweep20241112T131852.mat
0,0.0421696503428582,0.303767049367025,0.1,WeBoSweep20241112T131858.mat
1,0.0237137370566166,0.303767049367025,0.001,WeBoSweep20241112T131905.mat
1,0.0133352143216332,0.0151883524683513,0,WeBoSweep20241112T132004.mat
1,0.0237137370566166,0.0151883524683513,0.001,WeBoSweep20241112T132010.mat
0,0.00562341325190349,0.0151883524683513,0.1,WeBoSweep20241112T132012.mat
1,0.0421696503428582,0.0151883524683513,0.1,WeBoSweep20241112T132033.mat
0,0.01,0.303767049367025,1,WeBoSweep20241112T132107-2.mat
1,0.0237137370566166,0.303767049367025,0,WeBoSweep20241112T132107.mat
1,0.00562341325190349,0.303767049367025,0.01,WeBoSweep20241112T132126.mat
1,0.0421696503428582,0.303767049367025,0.01,WeBoSweep20241112T132131.mat
1,0.0237137370566166,0.0151883524683513,0,WeBoSweep20241112T132212.mat
1,0.0421696503428582,0.0151883524683513,0.01,WeBoSweep20241112T132233.mat
0,0.01,0.0151883524683513,1,WeBoSweep20241112T132248.mat
1,0.00562341325190349,0.0151883524683513,0.01,WeBoSweep20241112T132305.mat
0,0.0177827941003892,0.303767049367025,1,WeBoSweep20241112T132307.mat
1,0.0421696503428582,0.303767049367025,0.001,WeBoSweep20241112T132325.mat
1,0.0421696503428582,0.0151883524683513,0.001,WeBoSweep20241112T132425.mat
1,0.00562341325190349,0.303767049367025,0.001,WeBoSweep20241112T132426.mat
0,0.01,0.303767049367025,0.1,WeBoSweep20241112T132429.mat
0,0.0177827941003892,0.0151883524683513,1,WeBoSweep20241112T132449.mat
1,0.0421696503428582,0.303767049367025,0,WeBoSweep20241112T132518.mat
1,0.00562341325190349,0.0151883524683513,0.001,WeBoSweep20241112T132552.mat
1,0.01,0.0151883524683513,0.1,WeBoSweep20241112T132605.mat
1,0.0421696503428582,0.0151883524683513,0,WeBoSweep20241112T132616.mat
0,0.0177827941003892,0.303767049367025,0.1,WeBoSweep20241112T132630.mat
1,0.00562341325190349,0.303767049367025,0,WeBoSweep20241112T132706.mat
0,0.0316227766016838,0.303767049367025,1,WeBoSweep20241112T132708.mat
1,0.01,0.303767049367025,0.01,WeBoSweep20241112T132718.mat
1,0.0177827941003892,0.0151883524683513,0.1,WeBoSweep20241112T132805.mat
1,0.00562341325190349,0.0151883524683513,0,WeBoSweep20241112T132831.mat
1,0.01,0.0151883524683513,0.01,WeBoSweep20241112T132846.mat
0,0.0316227766016838,0.0151883524683513,1,WeBoSweep20241112T132849.mat
1,0.0177827941003892,0.303767049367025,0.01,WeBoSweep20241112T132917.mat
0,0.00421696503428582,0.303767049367025,1,WeBoSweep20241112T132943.mat
1,0.01,0.303767049367025,0.001,WeBoSweep20241112T132955.mat
1,0.177827941003892,0.303767049367025,0.1,WeBoSweep20241112T133030-6.mat
1,0.0177827941003892,0.0151883524683513,0.01,WeBoSweep20241112T133030.mat
1,0.01,0.0151883524683513,0.001,WeBoSweep20241112T133111.mat
0,0.00421696503428582,0.0151883524683513,1,WeBoSweep20241112T133124.mat
1,0.133352143216332,0.303767049367025,0.01,WeBoSweep20241112T133130.mat
1,0.177827941003892,0.0151883524683513,0.1,WeBoSweep20241112T133133.mat
1,0.177827941003892,0.303767049367025,0.01,WeBoSweep20241112T133216.mat
1,0.01,0.303767049367025,0,WeBoSweep20241112T133217.mat
1,0.133352143216332,0.0151883524683513,0.01,WeBoSweep20241112T133222.mat
1,0.133352143216332,0.303767049367025,0.001,WeBoSweep20241112T133305.mat
1,0.177827941003892,0.0151883524683513,0.01,WeBoSweep20241112T133306.mat
0,0.00421696503428582,0.303767049367025,0.1,WeBoSweep20241112T133307.mat
1,0.01,0.0151883524683513,0,WeBoSweep20241112T133333.mat
1,0.177827941003892,0.303767049367025,0.001,WeBoSweep20241112T133347.mat
1,0.133352143216332,0.0151883524683513,0.001,WeBoSweep20241112T133355.mat
1,0.177827941003892,0.0151883524683513,0.001,WeBoSweep20241112T133435.mat
1,0.133352143216332,0.303767049367025,0,WeBoSweep20241112T133438.mat
0,0.237137370566166,0.303767049367025,1,WeBoSweep20241112T133439.mat
0,0.00421696503428582,0.0151883524683513,0.1,WeBoSweep20241112T133442.mat
1,0.177827941003892,0.303767049367025,0,WeBoSweep20241112T133517.mat
1,0.133352143216332,0.0151883524683513,0,WeBoSweep20241112T133528.mat
1,0.1,0.303767049367025,0.001,WeBoSweep20241112T133557.mat
1,0.177827941003892,0.0151883524683513,0,WeBoSweep20241112T133605.mat
0,0.1,0.303767049367025,1,WeBoSweep20241112T133611.mat
1,0.237137370566166,0.0151883524683513,1,WeBoSweep20241112T133624.mat
0,0.133352143216332,0.303767049367025,1,WeBoSweep20241112T133646.mat
1,0.1,0.0151883524683513,0.001,WeBoSweep20241112T133649.mat
1,0.237137370566166,0.303767049367025,0.1,WeBoSweep20241112T133710.mat
1,0.1,0.303767049367025,0,WeBoSweep20241112T133736.mat
0,0.1,0.0151883524683513,1,WeBoSweep20241112T133754.mat
1,0.237137370566166,0.0151883524683513,0.1,WeBoSweep20241112T133815.mat
1,0.1,0.0151883524683513,0,WeBoSweep20241112T133828.mat
0,0.133352143216332,0.0151883524683513,1,WeBoSweep20241112T133829.mat
0,0.1,0.303767049367025,0.1,WeBoSweep20241112T133840.mat
1,0.237137370566166,0.303767049367025,0.01,WeBoSweep20241112T133857.mat
0,0.0749894209332456,0.303767049367025,1,WeBoSweep20241112T133914.mat
0,0.133352143216332,0.303767049367025,0.1,WeBoSweep20241112T133916.mat
1,0.1,0.0151883524683513,0.1,WeBoSweep20241112T133940.mat
1,0.237137370566166,0.0151883524683513,0.01,WeBoSweep20241112T133945.mat
1,0.133352143216332,0.0151883524683513,0.1,WeBoSweep20241112T134018.mat
1,0.237137370566166,0.303767049367025,0.001,WeBoSweep20241112T134025.mat
1,0.1,0.303767049367025,0.01,WeBoSweep20241112T134027.mat
0,0.0749894209332456,0.0151883524683513,1,WeBoSweep20241112T134058.mat
1,0.316227766016838,0.303767049367025,0.01,WeBoSweep20241112T134103.mat
1,0.237137370566166,0.0151883524683513,0.001,WeBoSweep20241112T134113.mat
1,0.1,0.0151883524683513,0.01,WeBoSweep20241112T134121.mat
1,0.316227766016838,0.0151883524683513,0.01,WeBoSweep20241112T134149.mat
1,0.237137370566166,0.303767049367025,0,WeBoSweep20241112T134153.mat
1,0.421696503428582,0.303767049367025,0,WeBoSweep20241112T134206.mat
1,0.316227766016838,0.303767049367025,0.001,WeBoSweep20241112T134227.mat
1,0.237137370566166,0.0151883524683513,0,WeBoSweep20241112T134240.mat
0,0.0749894209332456,0.303767049367025,0.1,WeBoSweep20241112T134241.mat
1,0.421696503428582,0.0151883524683513,0,WeBoSweep20241112T134250.mat
1,0.316227766016838,0.0151883524683513,0.001,WeBoSweep20241112T134313.mat
0,0.177827941003892,0.303767049367025,1,WeBoSweep20241112T134320.mat
0,0.316227766016838,0.303767049367025,1,WeBoSweep20241112T134327.mat
1,0.316227766016838,0.303767049367025,0,WeBoSweep20241112T134351.mat
1,0.0749894209332456,0.0151883524683513,0.1,WeBoSweep20241112T134417.mat
1,0.316227766016838,0.0151883524683513,0,WeBoSweep20241112T134437.mat
1,0.177827941003892,0.0151883524683513,1,WeBoSweep20241112T134504.mat
1,0.0749894209332456,0.303767049367025,0.01,WeBoSweep20241112T134509.mat
1,0.316227766016838,0.0151883524683513,1,WeBoSweep20241112T134512.mat
0,0.562341325190349,0.303767049367025,1,WeBoSweep20241112T134515.mat
1,0.421696503428582,0.303767049367025,0.1,WeBoSweep20241112T134551.mat
1,0.316227766016838,0.303767049367025,0.1,WeBoSweep20241112T134557.mat
1,0.0749894209332456,0.0151883524683513,0.01,WeBoSweep20241112T134606.mat
1,0.421696503428582,0.0151883524683513,0.1,WeBoSweep20241112T134647.mat
1,0.0749894209332456,0.303767049367025,0.001,WeBoSweep20241112T134654.mat
1,0.562341325190349,0.0151883524683513,1,WeBoSweep20241112T134659.mat
1,0.316227766016838,0.0151883524683513,0.1,WeBoSweep20241112T134704.mat
1,0.421696503428582,0.303767049367025,0.01,WeBoSweep20241112T134725.mat
1,0.749894209332456,0.303767049367025,0.01,WeBoSweep20241112T134743.mat
1,0.562341325190349,0.303767049367025,0.1,WeBoSweep20241112T134744.mat
1,0.0749894209332456,0.0151883524683513,0.001,WeBoSweep20241112T134748.mat
1,0.421696503428582,0.0151883524683513,0.01,WeBoSweep20241112T134810.mat
1,0.749894209332456,0.0151883524683513,0.01,WeBoSweep20241112T134825.mat
1,0.562341325190349,0.303767049367025,0.001,WeBoSweep20241112T134835-7.mat
1,0.562341325190349,0.0151883524683513,0.1,WeBoSweep20241112T134835.mat
1,0.421696503428582,0.303767049367025,0.001,WeBoSweep20241112T134847.mat
1,0.749894209332456,0.303767049367025,0.001,WeBoSweep20241112T134902.mat
1,0.562341325190349,0.303767049367025,0.01,WeBoSweep20241112T134913.mat
1,0.562341325190349,0.0151883524683513,0.001,WeBoSweep20241112T134919.mat
1,0.421696503428582,0.0151883524683513,0.001,WeBoSweep20241112T134931.mat
1,0.749894209332456,0.0151883524683513,0.001,WeBoSweep20241112T134943.mat
1,0.562341325190349,0.303767049367025,0,WeBoSweep20241112T134956-9.mat
1,0.562341325190349,0.0151883524683513,0.01,WeBoSweep20241112T134956.mat
0,1,0.303767049367025,1,WeBoSweep20241112T135008.mat
1,0.749894209332456,0.303767049367025,0,WeBoSweep20241112T135020.mat
1,1,0.0151883524683513,0.001,WeBoSweep20241112T135033.mat
1,0.562341325190349,0.0151883524683513,0,WeBoSweep20241112T135040.mat
1,0.749894209332456,0.0151883524683513,0,WeBoSweep20241112T135102.mat
1,1,0.303767049367025,0,WeBoSweep20241112T135109.mat
0,0.421696503428582,0.303767049367025,1,WeBoSweep20241112T135117.mat
1,1,0.0151883524683513,0,WeBoSweep20241112T135149.mat
1,1,0.0151883524683513,1,WeBoSweep20241112T135152.mat
0,0.749894209332456,0.303767049367025,1,WeBoSweep20241112T135221.mat
1,1,0.303767049367025,0.1,WeBoSweep20241112T135229.mat
1,0.421696503428582,0.0151883524683513,1,WeBoSweep20241112T135255.mat
1,1,0.0151883524683513,0.1,WeBoSweep20241112T135311.mat
1,1,0.303767049367025,0.01,WeBoSweep20241112T135344.mat
1,0.749894209332456,0.0151883524683513,1,WeBoSweep20241112T135354.mat
1,1,0.0151883524683513,0.01,WeBoSweep20241112T135418.mat
1,0.749894209332456,0.303767049367025,0.1,WeBoSweep20241112T135429.mat
1,1,0.303767049367025,0.001,WeBoSweep20241112T135448.mat
1,0.749894209332456,0.0151883524683513,0.1,WeBoSweep20241112T135510.mat
0,1e-05,0.0151883524683513,0.0189312135804878,WeOhSweep20241108T212842-2.mat
0,0,0,0,
0,1.25892541179417e-05,0.759417623417563,0.0189312135804878,WeOhSweep20241108T212842-9.mat
0,1.25892541179417e-05,0.0759417623417563,0,WeOhSweep20241108T212842.mat
0,1.25892541179417e-05,0.0303767049367025,0,WeOhSweep20241108T213015.mat
0,1e-05,0,0.0189312135804878,WeOhSweep20241108T213017-7.mat
0,0,0,0,
0,1.25892541179417e-05,0.303767049367025,0.0189312135804878,WeOhSweep20241108T213020.mat
0,0,0,0,
0,1.25892541179417e-05,0.0759417623417563,0.0189312135804878,WeOhSweep20241108T213151.mat
0,1.58489319246111e-05,0.759417623417563,0,WeOhSweep20241108T213152.mat
0,0,0,0,
0,1.25892541179417e-05,0,0,WeOhSweep20241108T213308.mat
0,1.25892541179417e-05,0.0303767049367025,0.0189312135804878,WeOhSweep20241108T213318.mat
0,0,0,0,
0,0,0,0,
0,0,0,0,
0,0,0,0,
0,0,0,0,
0,0,0,0,
0,0,0,0,
0,0,0,0,
0,0,0,0,
0,0,0,0,
0,0,0,0,
0,0,0,0,
0,0,0,0,
0,0,0,0,
0,0,0,0,
0,0,0,0,
0,0,0,0,
0,0,0,0,
0,0.000251188643150958,0.0759417623417563,0.0189312135804878,WeOhSweep20241108T214029.mat
0,0.00398107170553497,0.759417623417563,0.0189312135804878,WeOhSweep20241108T214038.mat
0,6.30957344480193e-05,0.0303767049367025,0.0189312135804878,WeOhSweep20241108T214040.mat
0,0.001,0.303767049367025,0.0189312135804878,WeOhSweep20241108T214042.mat
0,0.000251188643150958,0.0303767049367025,0.0189312135804878,WeOhSweep20241108T214158.mat
0,6.30957344480193e-05,0.0151883524683513,0.0189312135804878,WeOhSweep20241108T214210.mat
0,0.001,0.0759417623417563,0.0189312135804878,WeOhSweep20241108T214213-4.mat
0,0.00398107170553497,0.303767049367025,0.0189312135804878,WeOhSweep20241108T214213.mat
0,0.000251188643150958,0.0151883524683513,0.0189312135804878,WeOhSweep20241108T214331.mat
1,0.00398107170553497,0.0759417623417563,0.0189312135804878,WeOhSweep20241108T214343.mat
0,6.30957344480193e-05,0,0.0189312135804878,WeOhSweep20241108T214344.mat
1,0.001,0.0303767049367025,0.0189312135804878,WeOhSweep20241108T214345.mat
0,0.000251188643150958,0,0.0189312135804878,WeOhSweep20241108T214504.mat
0,6.30957344480193e-05,0.759417623417563,0,WeOhSweep20241108T214519-9.mat
1,0.001,0.0151883524683513,0.0189312135804878,WeOhSweep20241108T214519.mat
1,0.00398107170553497,0.0303767049367025,0.0189312135804878,WeOhSweep20241108T214527.mat
1,0.000251188643150958,0.759417623417563,0,WeOhSweep20241108T214636.mat
1,0.001,0,0.0189312135804878,WeOhSweep20241108T214653.mat
0,0,0,0,
1,0.00398107170553497,0.0151883524683513,0.0189312135804878,WeOhSweep20241108T214714.mat
1,0.000251188643150958,0.303767049367025,0,WeOhSweep20241108T214810.mat
1,0.001,0.759417623417563,0,WeOhSweep20241108T214828.mat
1,6.30957344480193e-05,0.0759417623417563,0,WeOhSweep20241108T214831.mat
1,0.00398107170553497,0,0.0189312135804878,WeOhSweep20241108T214850.mat
1,0.000251188643150958,0.0759417623417563,0,WeOhSweep20241108T214943.mat
0,0,0,0,
1,6.30957344480193e-05,0.0303767049367025,0,WeOhSweep20241108T215004.mat
1,0.00398107170553497,0.759417623417563,0,WeOhSweep20241108T215025.mat
1,0.000251188643150958,0.0303767049367025,0,WeOhSweep20241108T215116.mat
0,0,0,0,
1,0.001,0.0759417623417563,0,WeOhSweep20241108T215139.mat
1,0.00398107170553497,0.303767049367025,0,WeOhSweep20241108T215210.mat
1,0.000251188643150958,0.0151883524683513,0,WeOhSweep20241108T215246.mat
1,6.30957344480193e-05,0,0,WeOhSweep20241108T215305.mat
1,0.001,0.0303767049367025,0,WeOhSweep20241108T215315.mat
1,0.00398107170553497,0.0759417623417563,0,WeOhSweep20241108T215337.mat
1,0.000251188643150958,0,0,WeOhSweep20241108T215418.mat
0,5.01187233627272e-05,0.759417623417563,0.0189312135804878,WeOhSweep20241108T215433.mat
0,0,0,0,
1,0.00398107170553497,0.0303767049367025,0,WeOhSweep20241108T215456.mat
0,0.000199526231496888,0.759417623417563,0.0189312135804878,WeOhSweep20241108T215549.mat
0,5.01187233627272e-05,0.303767049367025,0.0189312135804878,WeOhSweep20241108T215605.mat
1,0.00398107170553497,0.0151883524683513,0,WeOhSweep20241108T215614.mat
1,0.001,0,0,WeOhSweep20241108T215635.mat
0,0.000199526231496888,0.303767049367025,0.0189312135804878,WeOhSweep20241108T215721.mat
1,0.00398107170553497,0,0,WeOhSweep20241108T215733.mat
0,5.01187233627272e-05,0.0759417623417563,0.0189312135804878,WeOhSweep20241108T215737.mat
0,0.000794328234724282,0.759417623417563,0.0189312135804878,WeOhSweep20241108T215821.mat
0,0.00316227766016838,0.759417623417563,0.0189312135804878,WeOhSweep20241108T215853.mat
0,0.000199526231496888,0.0759417623417563,0.0189312135804878,WeOhSweep20241108T215856.mat
0,5.01187233627272e-05,0.0303767049367025,0.0189312135804878,WeOhSweep20241108T215907.mat
0,0.000794328234724282,0.303767049367025,0.0189312135804878,WeOhSweep20241108T215957.mat
0,0.000199526231496888,0.0303767049367025,0.0189312135804878,WeOhSweep20241108T220027.mat
0,0.00316227766016838,0.303767049367025,0.0189312135804878,WeOhSweep20241108T220029.mat
0,5.01187233627272e-05,0.0151883524683513,0.0189312135804878,WeOhSweep20241108T220037.mat
0,0.000794328234724282,0.0759417623417563,0.0189312135804878,WeOhSweep20241108T220132.mat
1,0.00316227766016838,0.0759417623417563,0.0189312135804878,WeOhSweep20241108T220159.mat
0,0.000199526231496888,0.0151883524683513,0.0189312135804878,WeOhSweep20241108T220200.mat
0,5.01187233627272e-05,0,0.0189312135804878,WeOhSweep20241108T220209.mat
0,0.000794328234724282,0.0303767049367025,0.0189312135804878,WeOhSweep20241108T220304.mat
0,0.000199526231496888,0,0.0189312135804878,WeOhSweep20241108T220334.mat
1,0.00316227766016838,0.0303767049367025,0.0189312135804878,WeOhSweep20241108T220340.mat
0,5.01187233627272e-05,0.759417623417563,0,WeOhSweep20241108T220343.mat
0,0.000794328234724282,0.0151883524683513,0.0189312135804878,WeOhSweep20241108T220437.mat
1,0.000199526231496888,0.759417623417563,0,WeOhSweep20241108T220506.mat
0,0,0,0,
1,0.00316227766016838,0.0151883524683513,0.0189312135804878,WeOhSweep20241108T220524.mat
1,0.000794328234724282,0,0.0189312135804878,WeOhSweep20241108T220609.mat
1,0.000199526231496888,0.303767049367025,0,WeOhSweep20241108T220641.mat
0,5.01187233627272e-05,0.0759417623417563,0,WeOhSweep20241108T220649.mat
1,0.00316227766016838,0,0.0189312135804878,WeOhSweep20241108T220708.mat
1,0.000794328234724282,0.759417623417563,0,WeOhSweep20241108T220741.mat
1,0.000199526231496888,0.0759417623417563,0,WeOhSweep20241108T220813.mat
0,5.01187233627272e-05,0.0303767049367025,0,WeOhSweep20241108T220821.mat
1,0.00316227766016838,0.759417623417563,0,WeOhSweep20241108T220852.mat
1,0.000794328234724282,0.303767049367025,0,WeOhSweep20241108T220917.mat
1,0.000199526231496888,0.0303767049367025,0,WeOhSweep20241108T220944.mat
0,0,0,0,
0,0,0,0,
1,0.000794328234724282,0.0759417623417563,0,WeOhSweep20241108T221051.mat
1,0.000199526231496888,0.0151883524683513,0,WeOhSweep20241108T221114.mat
0,5.01187233627272e-05,0,0,WeOhSweep20241108T221122.mat
1,0.00316227766016838,0.0759417623417563,0,WeOhSweep20241108T221203.mat
1,0.000794328234724282,0.0303767049367025,0,WeOhSweep20241108T221226.mat
1,0.000199526231496888,0,0,WeOhSweep20241108T221244.mat
0,3.98107170553497e-05,0.759417623417563,0.0189312135804878,WeOhSweep20241108T221248.mat
1,0.00316227766016838,0.0303767049367025,0,WeOhSweep20241108T221326.mat
1,0.000794328234724282,0.0151883524683513,0,WeOhSweep20241108T221400.mat
0,0.000158489319246111,0.759417623417563,0.0189312135804878,WeOhSweep20241108T221413.mat
0,3.98107170553497e-05,0.303767049367025,0.0189312135804878,WeOhSweep20241108T221420.mat
0,0,0,0,
1,0.000794328234724282,0,0,WeOhSweep20241108T221536.mat
0,0.000158489319246111,0.303767049367025,0.0189312135804878,WeOhSweep20241108T221545.mat
0,3.98107170553497e-05,0.0759417623417563,0.0189312135804878,WeOhSweep20241108T221551.mat
1,0.00316227766016838,0,0,WeOhSweep20241108T221609.mat
0,0.000630957344480193,0.759417623417563,0.0189312135804878,WeOhSweep20241108T221711.mat
0,0.000158489319246111,0.0759417623417563,0.0189312135804878,WeOhSweep20241108T221716.mat
0,3.98107170553497e-05,0.0303767049367025,0.0189312135804878,WeOhSweep20241108T221720.mat
0,0.00251188643150958,0.759417623417563,0.0189312135804878,WeOhSweep20241108T221731.mat
0,0.000630957344480193,0.303767049367025,0.0189312135804878,WeOhSweep20241108T221847-2.mat
0,0.000158489319246111,0.0303767049367025,0.0189312135804878,WeOhSweep20241108T221847.mat
0,3.98107170553497e-05,0.0151883524683513,0.0189312135804878,WeOhSweep20241108T221851.mat
0,0.00251188643150958,0.303767049367025,0.0189312135804878,WeOhSweep20241108T221907.mat
0,3.98107170553497e-05,0,0.0189312135804878,WeOhSweep20241108T222022-5.mat
0,0.000158489319246111,0.0151883524683513,0.0189312135804878,WeOhSweep20241108T222022-6.mat
0,0.000630957344480193,0.0759417623417563,0.0189312135804878,WeOhSweep20241108T222022.mat
1,0.00251188643150958,0.0759417623417563,0.0189312135804878,WeOhSweep20241108T222035.mat
0,0.000630957344480193,0.0303767049367025,0.0189312135804878,WeOhSweep20241108T222154.mat
0,0.000158489319246111,0,0.0189312135804878,WeOhSweep20241108T222156.mat
0,3.98107170553497e-05,0.759417623417563,0,WeOhSweep20241108T222158.mat
1,0.00251188643150958,0.0303767049367025,0.0189312135804878,WeOhSweep20241108T222214.mat
0,0.000630957344480193,0.0151883524683513,0.0189312135804878,WeOhSweep20241108T222326.mat
1,0.000158489319246111,0.759417623417563,0,WeOhSweep20241108T222329.mat
0,0,0,0,
1,0.00251188643150958,0.0151883524683513,0.0189312135804878,WeOhSweep20241108T222355.mat
0,0.000630957344480193,0,0.0189312135804878,WeOhSweep20241108T222458.mat
0,3.98107170553497e-05,0.0759417623417563,0,WeOhSweep20241108T222502.mat
1,0.000158489319246111,0.303767049367025,0,WeOhSweep20241108T222505.mat
1,0.00251188643150958,0,0.0189312135804878,WeOhSweep20241108T222537.mat
1,0.000630957344480193,0.759417623417563,0,WeOhSweep20241108T222631.mat
0,3.98107170553497e-05,0.0303767049367025,0,WeOhSweep20241108T222634.mat
1,0.000158489319246111,0.0759417623417563,0,WeOhSweep20241108T222639.mat
1,0.00251188643150958,0.759417623417563,0,WeOhSweep20241108T222719.mat
0,0,0,0,
1,0.000630957344480193,0.303767049367025,0,WeOhSweep20241108T222806.mat
1,0.000158489319246111,0.0303767049367025,0,WeOhSweep20241108T222810.mat
1,0.00251188643150958,0.303767049367025,0,WeOhSweep20241108T222857.mat
0,3.98107170553497e-05,0,0,WeOhSweep20241108T222935.mat
1,0.000158489319246111,0.0151883524683513,0,WeOhSweep20241108T222938.mat
1,0.000630957344480193,0.0759417623417563,0,WeOhSweep20241108T222942.mat
1,0.00251188643150958,0.0759417623417563,0,WeOhSweep20241108T223033.mat
0,0,0,0,
1,0.000158489319246111,0,0,WeOhSweep20241108T223106.mat
1,0.000630957344480193,0.0303767049367025,0,WeOhSweep20241108T223115.mat
1,0.00251188643150958,0.0303767049367025,0,WeOhSweep20241108T223201.mat
0,0.000125892541179417,0.759417623417563,0.0189312135804878,WeOhSweep20241108T223234.mat
0,0,0,0,
1,0.000630957344480193,0.0151883524683513,0,WeOhSweep20241108T223249.mat
1,0.00251188643150958,0.0151883524683513,0,WeOhSweep20241108T223327.mat
0,0,0,0,
0,0.000125892541179417,0.303767049367025,0.0189312135804878,WeOhSweep20241108T223407.mat
1,0.000630957344480193,0,0,WeOhSweep20241108T223424.mat
1,0.00251188643150958,0,0,WeOhSweep20241108T223454.mat
0,0,0,0,
0,0.000125892541179417,0.0759417623417563,0.0189312135804878,WeOhSweep20241108T223538.mat
0,0.000501187233627273,0.759417623417563,0.0189312135804878,WeOhSweep20241108T223558.mat
0,0.00199526231496888,0.759417623417563,0.0189312135804878,WeOhSweep20241108T223620.mat
0,0,0,0,
0,0.000125892541179417,0.0303767049367025,0.0189312135804878,WeOhSweep20241108T223708.mat
0,0.000501187233627273,0.303767049367025,0.0189312135804878,WeOhSweep20241108T223733.mat
0,0.00199526231496888,0.303767049367025,0.0189312135804878,WeOhSweep20241108T223754.mat
0,0,0,0,
0,0.000125892541179417,0.0151883524683513,0.0189312135804878,WeOhSweep20241108T223842.mat
0,0.000501187233627273,0.0759417623417563,0.0189312135804878,WeOhSweep20241108T223908.mat
1,0.00199526231496888,0.0759417623417563,0.0189312135804878,WeOhSweep20241108T223921.mat
0,0,0,0,
0,0.000125892541179417,0,0.0189312135804878,WeOhSweep20241108T224017.mat
0,0.000501187233627273,0.0303767049367025,0.0189312135804878,WeOhSweep20241108T224038.mat
1,0.00199526231496888,0.0303767049367025,0.0189312135804878,WeOhSweep20241108T224058.mat
0,0,0,0,
0,0.000125892541179417,0.759417623417563,0,WeOhSweep20241108T224149.mat
0,0.000501187233627273,0.0151883524683513,0.0189312135804878,WeOhSweep20241108T224210.mat
1,0.00199526231496888,0.0151883524683513,0.0189312135804878,WeOhSweep20241108T224237.mat
0,0,0,0,
0,0,0,0,
0,0.000501187233627273,0,0.0189312135804878,WeOhSweep20241108T224341.mat
1,0.00199526231496888,0,0.0189312135804878,WeOhSweep20241108T224415.mat
0,0,0,0,
1,0.000125892541179417,0.0759417623417563,0,WeOhSweep20241108T224458.mat
1,0.000501187233627273,0.759417623417563,0,WeOhSweep20241108T224512.mat
1,0.00199526231496888,0.759417623417563,0,WeOhSweep20241108T224554.mat
0,0,0,0,
1,0.000125892541179417,0.0303767049367025,0,WeOhSweep20241108T224629.mat
1,0.000501187233627273,0.303767049367025,0,WeOhSweep20241108T224647.mat
1,0.00199526231496888,0.303767049367025,0,WeOhSweep20241108T224732.mat
0,0,0,0,
0,0,0,0,
1,0.000501187233627273,0.0759417623417563,0,WeOhSweep20241108T224822.mat
0,2.51188643150958e-05,0.759417623417563,0.0189312135804878,WeOhSweep20241108T224909.mat
1,0.00199526231496888,0.0759417623417563,0,WeOhSweep20241108T224914.mat
1,0.000125892541179417,0,0,WeOhSweep20241108T224925.mat
1,0.000501187233627273,0.0303767049367025,0,WeOhSweep20241108T224957.mat
0,2.51188643150958e-05,0.303767049367025,0.0189312135804878,WeOhSweep20241108T225042.mat
1,0.00199526231496888,0.0303767049367025,0,WeOhSweep20241108T225046.mat
0,0.0001,0.759417623417563,0.0189312135804878,WeOhSweep20241108T225052.mat
1,0.000501187233627273,0.0151883524683513,0,WeOhSweep20241108T225131.mat
0,2.51188643150958e-05,0.0759417623417563,0.0189312135804878,WeOhSweep20241108T225213.mat
1,0.00199526231496888,0.0151883524683513,0,WeOhSweep20241108T225219.mat
0,0.0001,0.303767049367025,0.0189312135804878,WeOhSweep20241108T225225.mat
1,0.000501187233627273,0,0,WeOhSweep20241108T225307.mat
0,2.51188643150958e-05,0.0303767049367025,0.0189312135804878,WeOhSweep20241108T225343.mat
1,0.00199526231496888,0,0,WeOhSweep20241108T225350.mat
0,0.0001,0.0759417623417563,0.0189312135804878,WeOhSweep20241108T225356.mat
0,0.000398107170553497,0.759417623417563,0.0189312135804878,WeOhSweep20241108T225440.mat
0,2.51188643150958e-05,0.0151883524683513,0.0189312135804878,WeOhSweep20241108T225511.mat
0,0.00158489319246111,0.759417623417563,0.0189312135804878,WeOhSweep20241108T225521.mat
0,0.0001,0.0303767049367025,0.0189312135804878,WeOhSweep20241108T225524.mat
0,0.000398107170553497,0.303767049367025,0.0189312135804878,WeOhSweep20241108T225616.mat
0,2.51188643150958e-05,0,0.0189312135804878,WeOhSweep20241108T225643.mat
0,0.0001,0.0151883524683513,0.0189312135804878,WeOhSweep20241108T225655.mat
0,0.00158489319246111,0.303767049367025,0.0189312135804878,WeOhSweep20241108T225657.mat
0,0.000398107170553497,0.0759417623417563,0.0189312135804878,WeOhSweep20241108T225751.mat
0,0,0,0,
1,0.00158489319246111,0.0759417623417563,0.0189312135804878,WeOhSweep20241108T225829.mat
0,0.0001,0,0.0189312135804878,WeOhSweep20241108T225831.mat
0,0.000398107170553497,0.0303767049367025,0.0189312135804878,WeOhSweep20241108T225922.mat
0,0,0,0,
1,0.00158489319246111,0.0303767049367025,0.0189312135804878,WeOhSweep20241108T230003.mat
0,0.0001,0.759417623417563,0,WeOhSweep20241108T230004.mat
0,0.000398107170553497,0.0151883524683513,0.0189312135804878,WeOhSweep20241108T230053.mat
0,2.51188643150958e-05,0.0759417623417563,0,WeOhSweep20241108T230118.mat
1,0.00158489319246111,0.0151883524683513,0.0189312135804878,WeOhSweep20241108T230138-1.mat
0,0,0,0,
0,0.000398107170553497,0,0.0189312135804878,WeOhSweep20241108T230223.mat
0,2.51188643150958e-05,0.0303767049367025,0,WeOhSweep20241108T230246.mat
1,0.0001,0.0759417623417563,0,WeOhSweep20241108T230312.mat
1,0.00158489319246111,0,0.0189312135804878,WeOhSweep20241108T230315.mat
1,0.000398107170553497,0.759417623417563,0,WeOhSweep20241108T230354.mat
0,0,0,0,
1,0.0001,0.0303767049367025,0,WeOhSweep20241108T230446.mat
1,0.00158489319246111,0.759417623417563,0,WeOhSweep20241108T230452.mat
1,0.000398107170553497,0.303767049367025,0,WeOhSweep20241108T230528.mat
0,2.51188643150958e-05,0,0,WeOhSweep20241108T230541.mat
0,0,0,0,
1,0.00158489319246111,0.303767049367025,0,WeOhSweep20241108T230629.mat
1,0.000398107170553497,0.0759417623417563,0,WeOhSweep20241108T230702.mat
0,0,0,0,
1,0.0001,0,0,WeOhSweep20241108T230742.mat
1,0.00158489319246111,0.0759417623417563,0,WeOhSweep20241108T230812.mat
1,0.000398107170553497,0.0303767049367025,0,WeOhSweep20241108T230838.mat
0,0,0,0,
0,7.94328234724282e-05,0.759417623417563,0.0189312135804878,WeOhSweep20241108T230910.mat
1,0.00158489319246111,0.0303767049367025,0,WeOhSweep20241108T230951.mat
0,0,0,0,
1,0.000398107170553497,0.0151883524683513,0,WeOhSweep20241108T231013.mat
0,7.94328234724282e-05,0.303767049367025,0.0189312135804878,WeOhSweep20241108T231044.mat
1,0.00158489319246111,0.0151883524683513,0,WeOhSweep20241108T231129.mat
0,0,0,0,
1,0.000398107170553497,0,0,WeOhSweep20241108T231149.mat
0,7.94328234724282e-05,0.0759417623417563,0.0189312135804878,WeOhSweep20241108T231215.mat
1,0.00158489319246111,0,0,WeOhSweep20241108T231307.mat
0,0,0,0,
0,0.000316227766016838,0.759417623417563,0.0189312135804878,WeOhSweep20241108T231324.mat
0,7.94328234724282e-05,0.0303767049367025,0.0189312135804878,WeOhSweep20241108T231344.mat
0,0,0,0,
0,0.00125892541179417,0.759417623417563,0.0189312135804878,WeOhSweep20241108T231444.mat
0,0.000316227766016838,0.303767049367025,0.0189312135804878,WeOhSweep20241108T231459.mat
0,7.94328234724282e-05,0.0151883524683513,0.0189312135804878,WeOhSweep20241108T231512.mat
0,0,0,0,
0,0.00125892541179417,0.303767049367025,0.0189312135804878,WeOhSweep20241108T231622.mat
0,0.000316227766016838,0.0759417623417563,0.0189312135804878,WeOhSweep20241108T231634.mat
0,7.94328234724282e-05,0,0.0189312135804878,WeOhSweep20241108T231649.mat
0,0.00125892541179417,0.0759417623417563,0.0189312135804878,WeOhSweep20241108T231753-9.mat
0,0,0,0,
0,0.000316227766016838,0.0303767049367025,0.0189312135804878,WeOhSweep20241108T231806.mat
0,7.94328234724282e-05,0.759417623417563,0,WeOhSweep20241108T231824.mat
0,0,0,0,
1,0.00125892541179417,0.0303767049367025,0.0189312135804878,WeOhSweep20241108T231927.mat
0,0.000316227766016838,0.0151883524683513,0.0189312135804878,WeOhSweep20241108T231938.mat
0,0,0,0,
0,0,0,0,
1,0.00125892541179417,0.0151883524683513,0.0189312135804878,WeOhSweep20241108T232102.mat
0,0.000316227766016838,0,0.0189312135804878,WeOhSweep20241108T232109.mat
1,7.94328234724282e-05,0.0759417623417563,0,WeOhSweep20241108T232134.mat
0,0,0,0,
1,0.00125892541179417,0,0.0189312135804878,WeOhSweep20241108T232239.mat
1,0.000316227766016838,0.759417623417563,0,WeOhSweep20241108T232241.mat
1,7.94328234724282e-05,0.0303767049367025,0,WeOhSweep20241108T232308.mat
0,0,0,0,
1,0.00125892541179417,0.759417623417563,0,WeOhSweep20241108T232415.mat
0,0,0,0,
0,0,0,0,
0,0,0,0,
1,0.000316227766016838,0.0759417623417563,0,WeOhSweep20241108T232552.mat
1,0.00125892541179417,0.303767049367025,0,WeOhSweep20241108T232554.mat
1,7.94328234724282e-05,0,0,WeOhSweep20241108T232608.mat
0,0,0,0,
1,0.000316227766016838,0.0303767049367025,0,WeOhSweep20241108T232727.mat
1,0.00125892541179417,0.0759417623417563,0,WeOhSweep20241108T232732.mat
0,6.30957344480193e-05,0.759417623417563,0.0189312135804878,WeOhSweep20241108T232736.mat
0,0,0,0,
0,0,0,0,
0,6.30957344480193e-05,0.303767049367025,0.0189312135804878,WeOhSweep20241108T232909.mat
1,0.00125892541179417,0.0303767049367025,0,WeOhSweep20241108T232919.mat
0,0,0,0,
1,0.000316227766016838,0,0,WeOhSweep20241108T233037.mat
0,6.30957344480193e-05,0.0759417623417563,0.0189312135804878,WeOhSweep20241108T233040.mat
1,0.00125892541179417,0.0151883524683513,0,WeOhSweep20241108T233103.mat
1,0.0316227766016838,0.759417623417563,0.0189312135804878,WeOhSweep20241108T233113.mat
0,0.00794328234724281,0.759417623417563,0.0189312135804878,WeOhSweep20241108T233209.mat
0,0.000251188643150958,0.759417623417563,0.0189312135804878,WeOhSweep20241108T233211.mat
1,0.0316227766016838,0.303767049367025,0.0189312135804878,WeOhSweep20241108T233243.mat
1,0.00125892541179417,0,0,WeOhSweep20241108T233245.mat
1,0.00794328234724281,0.303767049367025,0.0189312135804878,WeOhSweep20241108T233338.mat
0,0.000251188643150958,0.303767049367025,0.0189312135804878,WeOhSweep20241108T233344.mat
1,0.0316227766016838,0.0759417623417563,0.0189312135804878,WeOhSweep20241108T233355.mat
0,0.001,0.759417623417563,0.0189312135804878,WeOhSweep20241108T233428.mat
1,0.0316227766016838,0.0303767049367025,0.0189312135804878,WeOhSweep20241108T233454.mat
1,0.00794328234724281,0.0759417623417563,0.0189312135804878,WeOhSweep20241108T233514.mat
1,0.0630957344480193,0.759417623417563,0.0189312135804878,WeOhSweep20241108T233515.mat
1,0.0316227766016838,0.0151883524683513,0.0189312135804878,WeOhSweep20241108T233551.mat
0,0.0158489319246111,0.759417623417563,0.0189312135804878,WeOhSweep20241108T233603.mat
1,0.00794328234724281,0.0303767049367025,0.0189312135804878,WeOhSweep20241108T233638.mat
1,0.0316227766016838,0,0.0189312135804878,WeOhSweep20241108T233646.mat
1,0.0630957344480193,0.303767049367025,0.0189312135804878,WeOhSweep20241108T233657.mat
1,0.0158489319246111,0.303767049367025,0.0189312135804878,WeOhSweep20241108T233724.mat
1,0.0316227766016838,0.759417623417563,0,WeOhSweep20241108T233741.mat
1,0.00794328234724281,0.0151883524683513,0.0189312135804878,WeOhSweep20241108T233755.mat
1,0.0630957344480193,0.0759417623417563,0.0189312135804878,WeOhSweep20241108T233756.mat
1,0.0630957344480193,0.0303767049367025,0.0189312135804878,WeOhSweep20241108T233847.mat
1,0.0158489319246111,0.0759417623417563,0.0189312135804878,WeOhSweep20241108T233853.mat
0,0,0,0,
1,0.00794328234724281,0,0.0189312135804878,WeOhSweep20241108T233911.mat
1,0.0630957344480193,0.0151883524683513,0.0189312135804878,WeOhSweep20241108T233937.mat
1,0.0316227766016838,0.0759417623417563,0,WeOhSweep20241108T233956.mat
1,0.0158489319246111,0.0303767049367025,0.0189312135804878,WeOhSweep20241108T234002.mat
1,0.00794328234724281,0.759417623417563,0,WeOhSweep20241108T234026-5.mat
1,0.0630957344480193,0,0.0189312135804878,WeOhSweep20241108T234026.mat
1,0.0316227766016838,0.0303767049367025,0,WeOhSweep20241108T234052.mat
1,0.0158489319246111,0.0151883524683513,0.0189312135804878,WeOhSweep20241108T234108.mat
1,0.0630957344480193,0.759417623417563,0,WeOhSweep20241108T234115.mat
0,0,0,0,
1,0.00794328234724281,0.303767049367025,0,WeOhSweep20241108T234159.mat
1,0.0158489319246111,0,0.0189312135804878,WeOhSweep20241108T234212.mat
1,0.0630957344480193,0.303767049367025,0,WeOhSweep20241108T234221.mat
1,0.0316227766016838,0,0,WeOhSweep20241108T234240.mat
1,0.0158489319246111,0.759417623417563,0,WeOhSweep20241108T234316.mat
1,0.0630957344480193,0.0759417623417563,0,WeOhSweep20241108T234317.mat
1,0.00794328234724281,0.0759417623417563,0,WeOhSweep20241108T234318.mat
1,0.0251188643150958,0.759417623417563,0.0189312135804878,WeOhSweep20241108T234333.mat
1,0.0630957344480193,0.0303767049367025,0,WeOhSweep20241108T234408.mat
1,0.00794328234724281,0.0303767049367025,0,WeOhSweep20241108T234428.mat
1,0.0158489319246111,0.303767049367025,0,WeOhSweep20241108T234438.mat
1,0.0630957344480193,0.0151883524683513,0,WeOhSweep20241108T234455.mat
1,0.0251188643150958,0.303767049367025,0.0189312135804878,WeOhSweep20241108T234500.mat
1,0.00794328234724281,0.0151883524683513,0,WeOhSweep20241108T234537.mat
1,0.0630957344480193,0,0,WeOhSweep20241108T234543.mat
1,0.0158489319246111,0.0759417623417563,0,WeOhSweep20241108T234547.mat
1,0.0251188643150958,0.0759417623417563,0.0189312135804878,WeOhSweep20241108T234615.mat
1,0.0501187233627273,0.759417623417563,0.0189312135804878,WeOhSweep20241108T234630.mat
1,0.00794328234724281,0,0,WeOhSweep20241108T234645.mat
1,0.0158489319246111,0.0303767049367025,0,WeOhSweep20241108T234650.mat
1,0.0251188643150958,0.0303767049367025,0.0189312135804878,WeOhSweep20241108T234717.mat
1,0.0158489319246111,0.0151883524683513,0,WeOhSweep20241108T234751.mat
0,0.00630957344480193,0.759417623417563,0.0189312135804878,WeOhSweep20241108T234752.mat
1,0.0501187233627273,0.303767049367025,0.0189312135804878,WeOhSweep20241108T234807.mat
1,0.0251188643150958,0.0151883524683513,0.0189312135804878,WeOhSweep20241108T234820.mat
1,0.0158489319246111,0,0,WeOhSweep20241108T234853.mat
1,0.0501187233627273,0.0759417623417563,0.0189312135804878,WeOhSweep20241108T234911.mat
1,0.0251188643150958,0,0.0189312135804878,WeOhSweep20241108T234920.mat
1,0.00630957344480193,0.303767049367025,0.0189312135804878,WeOhSweep20241108T234923.mat
0,0.0125892541179417,0.759417623417563,0.0189312135804878,WeOhSweep20241108T234953.mat
1,0.0501187233627273,0.0303767049367025,0.0189312135804878,WeOhSweep20241108T235005.mat
1,0.0251188643150958,0.759417623417563,0,WeOhSweep20241108T235018.mat
1,0.00630957344480193,0.0759417623417563,0.0189312135804878,WeOhSweep20241108T235057-2.mat
1,0.0501187233627273,0.0151883524683513,0.0189312135804878,WeOhSweep20241108T235057.mat
1,0.0125892541179417,0.303767049367025,0.0189312135804878,WeOhSweep20241108T235112.mat
1,0.0251188643150958,0.303767049367025,0,WeOhSweep20241108T235134.mat
1,0.0501187233627273,0,0.0189312135804878,WeOhSweep20241108T235149.mat
1,0.0501187233627273,0.759417623417563,0,WeOhSweep20241109T153229-2.mat
1,0.00630957344480193,0.0303767049367025,0.0189312135804878,WeOhSweep20241109T153229-3.mat
1,0.0125892541179417,0.0759417623417563,0.0189312135804878,WeOhSweep20241109T153229-9.mat
1,0.0251188643150958,0.0759417623417563,0,WeOhSweep20241109T153229.mat
1,0.0251188643150958,0.0303767049367025,0,WeOhSweep20241109T153344.mat
1,0.0501187233627273,0.303767049367025,0,WeOhSweep20241109T153354.mat
1,0.0125892541179417,0.0303767049367025,0.0189312135804878,WeOhSweep20241109T153358.mat
1,0.00630957344480193,0.0151883524683513,0.0189312135804878,WeOhSweep20241109T153411.mat
1,0.0251188643150958,0.0151883524683513,0,WeOhSweep20241109T153444.mat
1,0.0501187233627273,0.0759417623417563,0,WeOhSweep20241109T153455.mat
1,0.0125892541179417,0.0151883524683513,0.0189312135804878,WeOhSweep20241109T153511.mat
1,0.00630957344480193,0,0.0189312135804878,WeOhSweep20241109T153539.mat
1,0.0251188643150958,0,0,WeOhSweep20241109T153543.mat
1,0.0501187233627273,0.0303767049367025,0,WeOhSweep20241109T153549.mat
1,0.0125892541179417,0,0.0189312135804878,WeOhSweep20241109T153623.mat
1,0.0501187233627273,0.0151883524683513,0,WeOhSweep20241109T153642.mat
0,0.0199526231496888,0.759417623417563,0.0189312135804878,WeOhSweep20241109T153643.mat
1,0.00630957344480193,0.759417623417563,0,WeOhSweep20241109T153705.mat
1,0.0125892541179417,0.759417623417563,0,WeOhSweep20241109T153734.mat
1,0.0501187233627273,0,0,WeOhSweep20241109T153735.mat
1,0.0199526231496888,0.303767049367025,0.0189312135804878,WeOhSweep20241109T153814.mat
1,0.0398107170553497,0.759417623417563,0.0189312135804878,WeOhSweep20241109T153826.mat
1,0.00630957344480193,0.303767049367025,0,WeOhSweep20241109T153847.mat
1,0.0125892541179417,0.303767049367025,0,WeOhSweep20241109T153904.mat
1,0.0199526231496888,0.0759417623417563,0.0189312135804878,WeOhSweep20241109T153940.mat
1,0.0398107170553497,0.303767049367025,0.0189312135804878,WeOhSweep20241109T154004.mat
1,0.00630957344480193,0.0759417623417563,0,WeOhSweep20241109T154012.mat
1,0.0125892541179417,0.0759417623417563,0,WeOhSweep20241109T154018.mat
1,0.0199526231496888,0.0303767049367025,0.0189312135804878,WeOhSweep20241109T154048.mat
1,0.0398107170553497,0.0759417623417563,0.0189312135804878,WeOhSweep20241109T154113.mat
1,0.0125892541179417,0.0303767049367025,0,WeOhSweep20241109T154127.mat
1,0.00630957344480193,0.0303767049367025,0,WeOhSweep20241109T154130.mat
1,0.0199526231496888,0.0151883524683513,0.0189312135804878,WeOhSweep20241109T154155.mat
1,0.0398107170553497,0.0303767049367025,0.0189312135804878,WeOhSweep20241109T154213.mat
1,0.0125892541179417,0.0151883524683513,0,WeOhSweep20241109T154235.mat
1,0.00630957344480193,0.0151883524683513,0,WeOhSweep20241109T154247.mat
1,0.0199526231496888,0,0.0189312135804878,WeOhSweep20241109T154301.mat
1,0.0398107170553497,0.0151883524683513,0.0189312135804878,WeOhSweep20241109T154310.mat
1,0.0125892541179417,0,0,WeOhSweep20241109T154342.mat
1,0.00630957344480193,0,0,WeOhSweep20241109T154403.mat
1,0.0199526231496888,0.759417623417563,0,WeOhSweep20241109T154406-6.mat
1,0.0398107170553497,0,0.0189312135804878,WeOhSweep20241109T154406.mat
0,0.01,0.759417623417563,0.0189312135804878,WeOhSweep20241109T154449.mat
1,0.0398107170553497,0.759417623417563,0,WeOhSweep20241109T154502.mat
0,0.00501187233627273,0.759417623417563,0.0189312135804878,WeOhSweep20241109T154518.mat
1,0.0199526231496888,0.303767049367025,0,WeOhSweep20241109T154531.mat
0,0,0,0,
1,0.0398107170553497,0.303767049367025,0,WeOhSweep20241109T154617.mat
1,0.0199526231496888,0.0759417623417563,0,WeOhSweep20241109T154643.mat
1,0.00501187233627273,0.303767049367025,0.0189312135804878,WeOhSweep20241109T154659.mat
1,0.0398107170553497,0.0759417623417563,0,WeOhSweep20241109T154721.mat
1,0.0199526231496888,0.0303767049367025,0,WeOhSweep20241109T154748.mat
1,0.01,0.0759417623417563,0.0189312135804878,WeOhSweep20241109T154756.mat
1,0.0398107170553497,0.0303767049367025,0,WeOhSweep20241109T154817.mat
1,0.00501187233627273,0.0759417623417563,0.0189312135804878,WeOhSweep20241109T154835.mat
1,0.0199526231496888,0.0151883524683513,0,WeOhSweep20241109T154851.mat
1,0.0398107170553497,0.0151883524683513,0,WeOhSweep20241109T154913.mat
1,0.01,0.0303767049367025,0.0189312135804878,WeOhSweep20241109T154918.mat
1,0.0199526231496888,0,0,WeOhSweep20241109T154954.mat
1,0.0398107170553497,0,0,WeOhSweep20241109T155008.mat
1,0.00501187233627273,0.0303767049367025,0.0189312135804878,WeOhSweep20241109T155029.mat
0,0,0,0,
1,0.199526231496888,0.759417623417563,0,WeOhSweep20241109T155055.mat
1,0.251188643150958,0.759417623417563,0.0189312135804878,WeOhSweep20241109T155102.mat
1,0.01,0,0.0189312135804878,WeOhSweep20241109T155152.mat
1,0.199526231496888,0.303767049367025,0,WeOhSweep20241109T155159.mat
1,0.00501187233627273,0.0151883524683513,0.0189312135804878,WeOhSweep20241109T155211-1.mat
1,0.251188643150958,0.303767049367025,0.0189312135804878,WeOhSweep20241109T155211.mat
1,0.199526231496888,0.0759417623417563,0,WeOhSweep20241109T155250.mat
1,0.251188643150958,0.0759417623417563,0.0189312135804878,WeOhSweep20241109T155303.mat
1,0.01,0.759417623417563,0,WeOhSweep20241109T155308.mat
1,0.199526231496888,0.0303767049367025,0,WeOhSweep20241109T155335.mat
1,0.251188643150958,0.0303767049367025,0.0189312135804878,WeOhSweep20241109T155346.mat
1,0.00501187233627273,0,0.0189312135804878,WeOhSweep20241109T155350.mat
1,0.199526231496888,0.0151883524683513,0,WeOhSweep20241109T155419.mat
1,0.251188643150958,0.0151883524683513,0.0189312135804878,WeOhSweep20241109T155428.mat
0,0,0,0,
1,0.199526231496888,0,0,WeOhSweep20241109T155503.mat
1,0.251188643150958,0,0.0189312135804878,WeOhSweep20241109T155509.mat
1,0.00501187233627273,0.759417623417563,0,WeOhSweep20241109T155525.mat
1,0.158489319246111,0.759417623417563,0.0189312135804878,WeOhSweep20241109T155545.mat
1,0.251188643150958,0.759417623417563,0,WeOhSweep20241109T155550.mat
1,0.01,0.0759417623417563,0,WeOhSweep20241109T155604.mat
1,0.251188643150958,0.303767049367025,0,WeOhSweep20241109T155651.mat
1,0.158489319246111,0.303767049367025,0.0189312135804878,WeOhSweep20241109T155703.mat
1,0.00501187233627273,0.303767049367025,0,WeOhSweep20241109T155712.mat
1,0.01,0.0303767049367025,0,WeOhSweep20241109T155714.mat
1,0.251188643150958,0.0759417623417563,0,WeOhSweep20241109T155740.mat
1,0.158489319246111,0.0759417623417563,0.0189312135804878,WeOhSweep20241109T155759.mat
1,0.251188643150958,0.0303767049367025,0,WeOhSweep20241109T155823.mat
0,0,0,0,
1,0.00501187233627273,0.0759417623417563,0,WeOhSweep20241109T155844.mat
1,0.158489319246111,0.0303767049367025,0.0189312135804878,WeOhSweep20241109T155846.mat
1,0.251188643150958,0.0151883524683513,0,WeOhSweep20241109T155904.mat
1,0.158489319246111,0.0151883524683513,0.0189312135804878,WeOhSweep20241109T155933.mat
1,0.01,0,0,WeOhSweep20241109T155936.mat
1,0.251188643150958,0,0,WeOhSweep20241109T155946.mat
1,0.00501187233627273,0.0303767049367025,0,WeOhSweep20241109T160007.mat
1,0.158489319246111,0,0.0189312135804878,WeOhSweep20241109T160018.mat
1,0.199526231496888,0.759417623417563,0.0189312135804878,WeOhSweep20241109T160026.mat
1,0.125892541179417,0.759417623417563,0.0189312135804878,WeOhSweep20241109T160045.mat
1,0.158489319246111,0.759417623417563,0,WeOhSweep20241109T160104.mat
1,0.00501187233627273,0.0151883524683513,0,WeOhSweep20241109T160128.mat
1,0.199526231496888,0.303767049367025,0.0189312135804878,WeOhSweep20241109T160139.mat
1,0.125892541179417,0.303767049367025,0.0189312135804878,WeOhSweep20241109T160207.mat
1,0.158489319246111,0.303767049367025,0,WeOhSweep20241109T160208.mat
1,0.199526231496888,0.0759417623417563,0.0189312135804878,WeOhSweep20241109T160231.mat
1,0.00501187233627273,0,0,WeOhSweep20241109T160247.mat
1,0.158489319246111,0.0759417623417563,0,WeOhSweep20241109T160300.mat
1,0.125892541179417,0.0759417623417563,0.0189312135804878,WeOhSweep20241109T160303.mat
1,0.199526231496888,0.0303767049367025,0.0189312135804878,WeOhSweep20241109T160316.mat
1,0.158489319246111,0.0303767049367025,0,WeOhSweep20241109T160347.mat
1,0.125892541179417,0.0303767049367025,0.0189312135804878,WeOhSweep20241109T160352.mat
1,0.199526231496888,0.0151883524683513,0.0189312135804878,WeOhSweep20241109T160400.mat
1,0.1,0.759417623417563,0,WeOhSweep20241109T160406.mat
1,0.158489319246111,0.0151883524683513,0,WeOhSweep20241109T160433.mat
1,0.125892541179417,0.0151883524683513,0.0189312135804878,WeOhSweep20241109T160440.mat
1,0.199526231496888,0,0.0189312135804878,WeOhSweep20241109T160444.mat
0,0,0,0,
1,0.158489319246111,0,0,WeOhSweep20241109T160518.mat
1,0.398107170553497,0.759417623417563,0,WeOhSweep20241109T160526.mat
1,0.125892541179417,0,0.0189312135804878,WeOhSweep20241109T160527.mat
1,0.316227766016838,0.0303767049367025,0.0189312135804878,WeOhSweep20241109T160604.mat
1,0.1,0.0759417623417563,0,WeOhSweep20241109T160611.mat
1,0.125892541179417,0.759417623417563,0,WeOhSweep20241109T160614.mat
1,0.398107170553497,0.303767049367025,0,WeOhSweep20241109T160626.mat
1,0.316227766016838,0.0151883524683513,0.0189312135804878,WeOhSweep20241109T160646.mat
1,0.1,0.0303767049367025,0,WeOhSweep20241109T160701.mat
1,0.398107170553497,0.0759417623417563,0,WeOhSweep20241109T160713.mat
1,0.125892541179417,0.303767049367025,0,WeOhSweep20241109T160721.mat
1,0.316227766016838,0,0.0189312135804878,WeOhSweep20241109T160726.mat
0,0,0,0,
1,0.398107170553497,0.0303767049367025,0,WeOhSweep20241109T160754.mat
1,0.316227766016838,0.759417623417563,0,WeOhSweep20241109T160807.mat
1,0.125892541179417,0.0759417623417563,0,WeOhSweep20241109T160815.mat
1,0.398107170553497,0.0151883524683513,0,WeOhSweep20241109T160835.mat
1,0.1,0,0,WeOhSweep20241109T160838.mat
1,0.125892541179417,0.0303767049367025,0,WeOhSweep20241109T160904.mat
0,0,0,0,
1,0.398107170553497,0,0,WeOhSweep20241109T160914.mat
1,0.0794328234724281,0.759417623417563,0.0189312135804878,WeOhSweep20241109T160926.mat
1,0.125892541179417,0.0151883524683513,0,WeOhSweep20241109T160952.mat
1,0.316227766016838,0.759417623417563,0.0189312135804878,WeOhSweep20241109T160954.mat
1,0.316227766016838,0.0759417623417563,0,WeOhSweep20241109T160958.mat
1,0.125892541179417,0,0,WeOhSweep20241109T161038.mat
1,0.316227766016838,0.0303767049367025,0,WeOhSweep20241109T161040.mat
1,0.316227766016838,0.303767049367025,0.0189312135804878,WeOhSweep20241109T161101.mat
1,0.0794328234724281,0.303767049367025,0.0189312135804878,WeOhSweep20241109T161105.mat
0,0,0,0,
1,0.1,0.759417623417563,0.0189312135804878,WeOhSweep20241109T161124.mat
1,0.316227766016838,0.0759417623417563,0.0189312135804878,WeOhSweep20241109T161151.mat
1,0.316227766016838,0,0,WeOhSweep20241109T161202.mat
1,0.0794328234724281,0.0759417623417563,0.0189312135804878,WeOhSweep20241109T161207.mat
1,0.630957344480193,0.0151883524683513,0.0189312135804878,WeOhSweep20241109T161233.mat
1,0.794328234724282,0.0759417623417563,0,WeOhSweep20241109T161242.mat
0,0,0,0,
1,0.0794328234724281,0.0303767049367025,0.0189312135804878,WeOhSweep20241109T161259.mat
0,0,0,0,
1,0.794328234724282,0.0303767049367025,0,WeOhSweep20241109T161322.mat
1,0.630957344480193,0.759417623417563,0,WeOhSweep20241109T161349.mat
1,0.0794328234724281,0.0151883524683513,0.0189312135804878,WeOhSweep20241109T161351-9.mat
1,0.1,0.0759417623417563,0.0189312135804878,WeOhSweep20241109T161351.mat
1,0.794328234724282,0.0151883524683513,0,WeOhSweep20241109T161401.mat
0,0,0,0,
1,0.0794328234724281,0,0.0189312135804878,WeOhSweep20241109T161442-9.mat
1,0.1,0.0303767049367025,0.0189312135804878,WeOhSweep20241109T161442.mat
1,0.630957344480193,0.303767049367025,0,WeOhSweep20241109T161445.mat
1,0.630957344480193,0.759417623417563,0.0189312135804878,WeOhSweep20241109T161508.mat
1,0.630957344480193,0.0759417623417563,0,WeOhSweep20241109T161531.mat
1,0.0794328234724281,0.759417623417563,0,WeOhSweep20241109T161533-3.mat
0,0,0,0,
1,0.630957344480193,0.0303767049367025,0,WeOhSweep20241109T161610.mat
1,0.630957344480193,0.303767049367025,0.0189312135804878,WeOhSweep20241109T161611.mat
1,0.1,0,0.0189312135804878,WeOhSweep20241109T161621.mat
1,0.0794328234724281,0.303767049367025,0,WeOhSweep20241109T161643.mat
1,0.630957344480193,0.0151883524683513,0,WeOhSweep20241109T161649.mat
1,0.630957344480193,0.0759417623417563,0.0189312135804878,WeOhSweep20241109T161657.mat
1,0.501187233627272,0.0303767049367025,0,WeOhSweep20241109T161710.mat
0,0,0,0,
1,0.630957344480193,0.0303767049367025,0.0189312135804878,WeOhSweep20241109T161738.mat
1,0.0794328234724281,0.0759417623417563,0,WeOhSweep20241109T161741.mat
1,0.501187233627272,0.0151883524683513,0,WeOhSweep20241109T161749.mat
1,0.794328234724282,0.759417623417563,0.0189312135804878,WeOhSweep20241109T161754.mat
0,0,0,0,
0,0,0,0,
1,0.0794328234724281,0.0303767049367025,0,WeOhSweep20241109T161833.mat
1,0.794328234724282,0.303767049367025,0.0189312135804878,WeOhSweep20241109T161855.mat
0,0,0,0,
1,1,0.759417623417563,0,WeOhSweep20241109T161921.mat
1,0.0794328234724281,0.0151883524683513,0,WeOhSweep20241109T161925.mat
1,0.794328234724282,0.0759417623417563,0.0189312135804878,WeOhSweep20241109T161941.mat
1,0.0794328234724281,0,0,WeOhSweep20241109T162015.mat
0,0,0,0,
1,0.794328234724282,0.0303767049367025,0.0189312135804878,WeOhSweep20241109T162021.mat
1,0.794328234724282,0.0151883524683513,0.0189312135804878,WeOhSweep20241109T162101.mat
1,1,0.0759417623417563,0,WeOhSweep20241109T162102.mat
1,0.501187233627272,0.759417623417563,0.0189312135804878,WeOhSweep20241109T162106.mat
0,0,0,0,
1,1,0.0303767049367025,0,WeOhSweep20241109T162143.mat
1,0.794328234724282,0.759417623417563,0,WeOhSweep20241109T162207.mat
1,0.501187233627272,0.303767049367025,0.0189312135804878,WeOhSweep20241109T162212.mat
0,0,0,0,
1,0.501187233627272,0.0759417623417563,0.0189312135804878,WeOhSweep20241109T162301.mat
0,0,0,0,
1,0.794328234724282,0.303767049367025,0,WeOhSweep20241109T162304.mat
0,0,0,0,
1,0.501187233627272,0.0303767049367025,0.0189312135804878,WeOhSweep20241109T162343.mat
1,1,0.0759417623417563,0.0189312135804878,WeOhSweep20241109T162349.mat
1,0.501187233627272,0.0151883524683513,0.0189312135804878,WeOhSweep20241109T162421.mat
1,0.501187233627272,0,0.0189312135804878,WeOhSweep20241109T162456.mat
1,0.501187233627272,0.759417623417563,0,WeOhSweep20241109T162530.mat
1,0.501187233627272,0.303767049367025,0,WeOhSweep20241109T162621.mat
1,0.501187233627272,0.0759417623417563,0,WeOhSweep20241109T162701.mat
1,1,0.759417623417563,0.0189312135804878,WeOhSweep20241109T162736.mat
1,0.398107170553497,0.759417623417563,0.0189312135804878,WeOhSweep20241109T181832.mat
1,0.398107170553497,0.303767049367025,0.0189312135804878,WeOhSweep20241109T181923.mat
1,0.398107170553497,0.0759417623417563,0.0189312135804878,WeOhSweep20241109T182001.mat
1,0.398107170553497,0.0303767049367025,0.0189312135804878,WeOhSweep20241109T182034.mat
1,0.398107170553497,0.0151883524683513,0.0189312135804878,WeOhSweep20241109T182105.mat
1,0.398107170553497,0,0.0189312135804878,WeOhSweep20241109T182136.mat
1,1,0.0303767049367025,0.0189312135804878,WeOhSweep20241109T182207.mat
0,0,0,0,
0,0,0,0,
0,0,0,0,
0,0,0,0,
0,0,0,0,
0,0,0,0,
0,0,0,0,
0,0,0,0,
0,0,0,0,
0,0,0,0,
0,0,0,0,
0,0,0,0,
0,0,0,0,
0,0,0,0,
0,0,0,0,
0,0,0,0,
0,0,0,0,
0,0,0,0,
1,0.115,0.711,0.025,directComparisonOhSweep20241209T164113-3.mat
0,0,0,0,
1,9.35,0.211,0.081,directComparisonOhSweep20241209T164207.mat
1,9.71,0.493,0.106,directComparisonOhSweep20241209T164317.mat
1,8.82,0.049,0.109,directComparisonOhSweep20241209T164252.mat
1,2.83,0.308,0.178,directComparisonOhSweep20241209T164152.mat
1,0.000897164117362141,0.015188352468351,0.0189312135804878,
1,0.000845746176043212,0.015188352468351,0.0189312135804878,
0,0.000820037205383747,0.015188352468351,0.0189312135804878,
0,0.000712642789602237,0,0.0189312135804878,
1,0.00075348551216326,0,0.0189312135804878,
1,0.000733064150882749,0,0.0189312135804878,
