file_name,initial_velocity_cgs,weber,bond,ohnesorge,parent_folder,number_of_harmonics,contact_time_ms_00R,contact_time_ms002R,coef_restitution00R,coef_restitution002R,max_contact_radius_cm_00R,max_contact_radius_cm_002R
directComparison20250107T182544-5.mat,-4.93260894724196,0.0231,0.019,0.0303,"Version v3 (rhoS=8.70e-01, sigmaS=1.87e+01, R=2.04e-02)",90,2.13526184831551,2.26375094305619,0.902908018466069,0.899419980609144,0.00683665431926986,0.0095629473024573
directComparison20250107T182544.mat,-16.3241642914141,0.253,0.019,0.0303,"Version v3 (rhoS=8.70e-01, sigmaS=1.87e+01, R=2.04e-02)",90,1.64557144921894,1.68655741536302,0.826572799555483,0.825995222391589,0.0114348142842644,0.0141193113114926
HighWeSweep20241110T150017.mat,-45.8134813647345,1.99526231496888,0,0.0303767049367025,"Version v3 (rhoS=9.60e-01, sigmaS=2.05e+01, R=2.03e-02)",90,1.36964278498828,1.38866332878027,0.623899736173718,0.623899736173718,0.0180864595758848,0.0206082560968701
HighWeSweep20241110T150306.mat,-57.6757558928228,3.16227766016838,0.0189312135804878,0.0303767049367025,"Version v3 (rhoS=9.60e-01, sigmaS=2.05e+01, R=2.03e-02)",90,1.32428961642438,1.34101777390161,0.571270887440965,0.571129646344252,0.0199580623261666,0.0225251864170912
HighWeSweep20241110T150316.mat,-36.3909417790234,1.25892541179417,0.0189312135804878,0.0303767049367025,"Version v3 (rhoS=9.60e-01, sigmaS=2.05e+01, R=2.03e-02)",90,1.42209670216572,1.4440972755277,0.673084050145782,0.672839460495552,0.0163856542144232,0.0189300758298301
HighWeSweep20241110T150850.mat,-36.3909417790234,1.25892541179417,0,0.0303767049367025,"Version v3 (rhoS=9.60e-01, sigmaS=2.05e+01, R=2.03e-02)",90,1.42003519450372,1.44203576618751,0.675630331076232,0.675630331076232,0.0163422696594515,0.0188780903809097
HighWeSweep20241111T105035.mat,-51.4035715470512,2.51188643150958,0,0.0303767049367025,"Version v3 (rhoS=9.60e-01, sigmaS=2.05e+01, R=2.03e-02)",90,1.34582091867189,1.36369521669305,0.598206950338322,0.598206950338322,0.0189985441697219,0.0215310805574171
HighWeSweep20241111T105045.mat,-40.8313082454925,1.58489319246111,0.0189312135804878,0.0303767049367025,"Version v3 (rhoS=9.60e-01, sigmaS=2.05e+01, R=2.03e-02)",90,1.39598427178044,1.41660929293867,0.647504901586087,0.647290499545711,0.0172362019781526,0.0197673847882744
HighWeSweep20241111T105055.mat,-57.6757558928228,3.16227766016838,0,0.0303767049367025,"Version v3 (rhoS=9.60e-01, sigmaS=2.05e+01, R=2.03e-02)",90,1.32314433438994,1.3398724914457,0.572877725701682,0.572877725701682,0.0199241820421794,0.022492444484368
HighWeSweep20241111T105123.mat,-72.6094747379118,5.01187233627272,0.0189312135804878,0.0303767049367025,"Version v3 (rhoS=9.60e-01, sigmaS=2.05e+01, R=2.03e-02)",90,1.28162786064142,1.29629306245027,0.522862161355873,0.522757149737043,0.0219176522756714,0.0245183298473834
HighWeSweep20241111T125603.mat,-45.8134813647345,1.99526231496888,0.0189312135804878,0.0303767049367025,"Version v3 (rhoS=9.60e-01, sigmaS=2.05e+01, R=2.03e-02)",90,1.37101712342961,1.39026672446949,0.621859916722832,0.621672669252542,0.0181194376854885,0.0206441504264793
HighWeSweep20241111T125615.mat,-40.8313082454925,1.58489319246111,0,0.0303767049367025,"Version v3 (rhoS=9.60e-01, sigmaS=2.05e+01, R=2.03e-02)",90,1.39415182052534,1.41477684049556,0.649809002591078,0.649809002591078,0.0172009683359325,0.0197227005282815
HighWeSweep20241111T125619.mat,-51.4035715470512,2.51188643150958,0.0189312135804878,0.0303767049367025,"Version v3 (rhoS=9.60e-01, sigmaS=2.05e+01, R=2.03e-02)",90,1.34719525711322,1.36506955572974,0.596398155820785,0.59623524117943,0.0190328033792431,0.0215639073865785
HighWeSweep20241111T125922.mat,-81.4691706131093,6.30957344480194,0.0189312135804878,0.0303767049367025,"Version v3 (rhoS=9.60e-01, sigmaS=2.05e+01, R=2.03e-02)",90,1.26192900964902,1.27567737769207,0.499840647494209,0.49975056843203,0.023020531232542,0.0255796603632922
HighWeSweep20241111T130108.mat,-72.6094747379118,5.01187233627272,0,0.0303767049367025,"Version v3 (rhoS=9.60e-01, sigmaS=2.05e+01, R=2.03e-02)",90,1.28094069142076,1.29560589301838,0.524115708586329,0.524115708586329,0.0219024066938426,0.0244894055330985
HighWeSweep20241111T130139.mat,-91.4099128845838,7.94328234724282,0,0.0303767049367025,"Version v3 (rhoS=9.60e-01, sigmaS=2.05e+01, R=2.03e-02)",90,1.24245921506352,1.25529081538068,0.478645392893971,0.478645392893971,0.0241060319907141,0.0267247372102544
HighWeSweep20241111T165929.mat,-81.4691706131093,6.30957344480194,0,0.0303767049367025,"Version v3 (rhoS=9.60e-01, sigmaS=2.05e+01, R=2.03e-02)",90,1.26124184042836,1.27499020832188,0.500929707405431,0.500929707405431,0.0230022751266621,0.0255632257008843
HighWeSweep20241111T170237.mat,-64.7132624775624,3.98107170553497,0,0.0303767049367025,"Version v3 (rhoS=9.60e-01, sigmaS=2.05e+01, R=2.03e-02)",90,1.30155576804071,1.317137877539,0.548139415390012,0.548139415390012,0.0208560934425705,0.0234882595505706
HighWeSweep20241111T170430.mat,-64.7132624775624,3.98107170553497,0.0189312135804878,0.0303767049367025,"Version v3 (rhoS=9.60e-01, sigmaS=2.05e+01, R=2.03e-02)",90,1.30247199366826,1.31805410346493,0.546725603964054,0.546603607499943,0.0208877499193049,0.0235140838427521
HighWeSweep20241111T170704.mat,-91.4099128845838,7.94328234724282,0.0189312135804878,0.0303767049367025,"Version v3 (rhoS=9.60e-01, sigmaS=2.05e+01, R=2.03e-02)",90,1.24291732787729,1.2559779847072,0.47769400285219,0.477616975203964,0.0241271868950492,0.0267391729002039
HighWeSweep20241111T170740.mat,-102.563609162638,10,0.0189312135804878,0.0303767049367025,"Version v3 (rhoS=9.60e-01, sigmaS=2.05e+01, R=2.03e-02)",90,1.22482187173312,1.23719487629907,0.456350720036027,0.45628502076792,0.0252003813574856,0.027941484138019
HighWeSweep20241111T190419.mat,-102.563609162638,10,0,0.0303767049367025,"Version v3 (rhoS=9.60e-01, sigmaS=2.05e+01, R=2.03e-02)",90,1.22436375891935,1.23650770700346,0.457167339569373,0.457167339569373,0.0251765469642663,0.0279275938549068
WeOhSweep20241108T213015.mat,-0.115078262220294,1.25892541179417e-05,0,0.0303767049367025,"Version v3 (rhoS=9.60e-01, sigmaS=2.05e+01, R=2.03e-02)",90,3.09684262113007,NaN,0.968737127315004,NaN,0.000841078352967096,0.00436295823942436
WeOhSweep20241108T213318.mat,-0.115078262220294,1.25892541179417e-05,0.0189312135804878,0.0303767049367025,"Version v3 (rhoS=9.60e-01, sigmaS=2.05e+01, R=2.03e-02)",90,NaN,NaN,NaN,NaN,0.00332721449268897,0.00642038103832639
WeOhSweep20241108T213616.mat,-0.12911993390017,1.58489319246111e-05,0,0.0303767049367025,"Version v3 (rhoS=9.60e-01, sigmaS=2.05e+01, R=2.03e-02)",90,3.08195395468233,NaN,0.968737119297035,NaN,0.00101440859574605,0.00440492261737585
WeOhSweep20241108T213617.mat,-0.102563609162638,1e-05,0,0.0303767049367025,"Version v3 (rhoS=9.60e-01, sigmaS=2.05e+01, R=2.03e-02)",90,3.11333468242603,NaN,0.968737128759134,NaN,0.000754712882386786,0.00432090802407254
WeOhSweep20241108T213903.mat,-0.102563609162638,1e-05,0.0189312135804878,0.0303767049367025,"Version v3 (rhoS=9.60e-01, sigmaS=2.05e+01, R=2.03e-02)",90,NaN,NaN,NaN,NaN,0.00332717853646139,0.00642032427854451
WeOhSweep20241108T214040.mat,-0.257628138222282,6.30957344480193e-05,0.0189312135804878,0.0303767049367025,"Version v3 (rhoS=9.60e-01, sigmaS=2.05e+01, R=2.03e-02)",90,NaN,NaN,NaN,NaN,0.00339587917253291,0.00645846443412741
WeOhSweep20241108T214158.mat,-0.514035715470512,0.000251188643150958,0.0189312135804878,0.0303767049367025,"Version v3 (rhoS=9.60e-01, sigmaS=2.05e+01, R=2.03e-02)",90,3.88662911208119,NaN,0.724924296542598,NaN,0.00364180819788415,0.00661078642284453
WeOhSweep20241108T214345.mat,-1.02563609162638,0.001,0.0189312135804878,0.0303767049367025,"Version v3 (rhoS=9.60e-01, sigmaS=2.05e+01, R=2.03e-02)",90,3.2125161066087,3.9238085215843,0.883910338899258,0.313774786930578,0.00394771152013426,0.00694965843850797
WeOhSweep20241108T214527.mat,-2.04641304249408,0.00398107170553497,0.0189312135804878,0.0303767049367025,"Version v3 (rhoS=9.60e-01, sigmaS=2.05e+01, R=2.03e-02)",90,2.69782636033052,2.93465047941908,0.908116099404927,0.88514241140351,0.00501475980433673,0.00776140602678742
WeOhSweep20241108T215004.mat,-0.257628138222282,6.30957344480193e-05,0,0.0303767049367025,"Version v3 (rhoS=9.60e-01, sigmaS=2.05e+01, R=2.03e-02)",90,2.91382655202626,4.53941239168067,0.967009594570671,0.967009594570671,0.00135688231038881,0.00465120533798642
WeOhSweep20241108T215116.mat,-0.514035715470512,0.000251188643150958,0,0.0303767049367025,"Version v3 (rhoS=9.60e-01, sigmaS=2.05e+01, R=2.03e-02)",90,2.75005122110107,3.50329134611636,0.958041355842176,0.958041355842176,0.00195465975515428,0.0050988862948135
WeOhSweep20241108T215315.mat,-1.02563609162638,0.001,0,0.0303767049367025,"Version v3 (rhoS=9.60e-01, sigmaS=2.05e+01, R=2.03e-02)",90,2.54802347022552,2.97698385941798,0.947436447680662,0.947436447680662,0.00268989337107028,0.00581113482131462
WeOhSweep20241108T215456.mat,-2.04641304249408,0.00398107170553497,0,0.0303767049367025,"Version v3 (rhoS=9.60e-01, sigmaS=2.05e+01, R=2.03e-02)",90,2.32538064273002,2.59013918860694,0.936579724619408,0.936579724619408,0.00394688431943067,0.00691275550470522
WeOhSweep20241108T215907.mat,-0.229611319880259,5.01187233627272e-05,0.0189312135804878,0.0303767049367025,"Version v3 (rhoS=9.60e-01, sigmaS=2.05e+01, R=2.03e-02)",90,NaN,NaN,NaN,NaN,0.00332779288760451,0.00645808682589083
WeOhSweep20241108T220027.mat,-0.458134813647345,0.000199526231496888,0.0189312135804878,0.0303767049367025,"Version v3 (rhoS=9.60e-01, sigmaS=2.05e+01, R=2.03e-02)",90,4.00138637193226,NaN,0.66348850102027,NaN,0.00355820080721621,0.00657259671748548
WeOhSweep20241108T220304.mat,-0.914099128845838,0.000794328234724282,0.0189312135804878,0.0303767049367025,"Version v3 (rhoS=9.60e-01, sigmaS=2.05e+01, R=2.03e-02)",90,3.31834016659113,NaN,0.870574257442728,NaN,0.00388772561067135,0.00687622765152871
WeOhSweep20241108T220340.mat,-1.82386754393198,0.00316227766016838,0.0189312135804878,0.0303767049367025,"Version v3 (rhoS=9.60e-01, sigmaS=2.05e+01, R=2.03e-02)",90,2.77433120023124,3.03569331760364,0.90899116696203,0.878373435036286,0.00455020027974272,0.00757689595320039
WeOhSweep20241108T220821.mat,-0.229611319880259,5.01187233627272e-05,0,0.0303767049367025,"Version v3 (rhoS=9.60e-01, sigmaS=2.05e+01, R=2.03e-02)",90,2.94474916695619,NaN,0.968437782687437,NaN,0.00127445762161723,0.0046105888970875
WeOhSweep20241108T220944.mat,-0.458134813647345,0.000199526231496888,0,0.0303767049367025,"Version v3 (rhoS=9.60e-01, sigmaS=2.05e+01, R=2.03e-02)",90,2.7848677949481,3.62868157432324,0.958342937146314,0.958342937146314,0.00195545110689526,0.00501917633722375
WeOhSweep20241108T221226.mat,-0.914099128845838,0.000794328234724282,0,0.0303767049367025,"Version v3 (rhoS=9.60e-01, sigmaS=2.05e+01, R=2.03e-02)",90,2.58719211580344,3.0514754928942,0.948825875013776,0.948825875013776,0.00261912468156483,0.00569410780996454
WeOhSweep20241108T221326.mat,-1.82386754393198,0.00316227766016838,0,0.0303767049367025,"Version v3 (rhoS=9.60e-01, sigmaS=2.05e+01, R=2.03e-02)",90,2.36294589345972,2.65567352894062,0.937840870491409,0.937840870491409,0.00389481887016818,0.0067257937724917
WeOhSweep20241108T221720.mat,-0.204641304249408,3.98107170553497e-05,0.0189312135804878,0.0303767049367025,"Version v3 (rhoS=9.60e-01, sigmaS=2.05e+01, R=2.03e-02)",90,NaN,NaN,NaN,NaN,0.00332764623122154,0.00645779444549053
WeOhSweep20241108T221847.mat,-0.408313082454925,0.000158489319246111,0.0189312135804878,0.0303767049367025,"Version v3 (rhoS=9.60e-01, sigmaS=2.05e+01, R=2.03e-02)",90,4.11339495490068,NaN,0.577253669746342,NaN,0.00347674254741779,0.00653479460190487
WeOhSweep20241108T222154.mat,-0.814691706131093,0.000630957344480193,0.0189312135804878,0.0303767049367025,"Version v3 (rhoS=9.60e-01, sigmaS=2.05e+01, R=2.03e-02)",90,3.42622573423555,NaN,0.854107613444536,NaN,0.00389051673152084,0.00680232245779628
WeOhSweep20241108T222214.mat,-1.62552365956107,0.00251188643150958,0.0189312135804878,0.0303767049367025,"Version v3 (rhoS=9.60e-01, sigmaS=2.05e+01, R=2.03e-02)",90,2.85564622467661,3.14933958988856,0.908071403224428,0.865366150966381,0.00449730213744397,0.00743047599645932
WeOhSweep20241108T222634.mat,-0.204641304249408,3.98107170553497e-05,0,0.0303767049367025,"Version v3 (rhoS=9.60e-01, sigmaS=2.05e+01, R=2.03e-02)",90,2.97750423314123,NaN,0.969536654514079,NaN,0.00127430432608234,0.0045698972965338
WeOhSweep20241108T222810.mat,-0.408313082454925,0.000158489319246111,0,0.0303767049367025,"Version v3 (rhoS=9.60e-01, sigmaS=2.05e+01, R=2.03e-02)",90,2.8125836201816,3.77332430007121,0.958982700941172,0.958982700941172,0.0018696697581893,0.00493823090587399
WeOhSweep20241108T223115.mat,-0.814691706131093,0.000630957344480193,0,0.0303767049367025,"Version v3 (rhoS=9.60e-01, sigmaS=2.05e+01, R=2.03e-02)",90,2.62223774605736,3.12849264048853,0.949454046218571,0.949454046218571,0.00262037168651978,0.00557775395981301
WeOhSweep20241108T223201.mat,-1.62552365956107,0.00251188643150958,0,0.0303767049367025,"Version v3 (rhoS=9.60e-01, sigmaS=2.05e+01, R=2.03e-02)",90,2.40005303137563,2.71594252573417,0.940209899362704,0.940209899362704,0.00340031702015148,0.00650163708588069
WeOhSweep20241108T223536.mat,-0.182386754393198,3.16227766016838e-05,0.0189312135804878,0.0303767049367025,"Version v3 (rhoS=9.60e-01, sigmaS=2.05e+01, R=2.03e-02)",90,NaN,NaN,NaN,NaN,0.00332752220396787,0.00645754610476661
WeOhSweep20241108T223708.mat,-0.363909417790234,0.000125892541179417,0.0189312135804878,0.0303767049367025,"Version v3 (rhoS=9.60e-01, sigmaS=2.05e+01, R=2.03e-02)",90,4.24830917855793,NaN,0.445164357785978,NaN,0.00339763327449748,0.00649711463853072
WeOhSweep20241108T224038.mat,-0.726094747379119,0.000501187233627273,0.0189312135804878,0.0303767049367025,"Version v3 (rhoS=9.60e-01, sigmaS=2.05e+01, R=2.03e-02)",90,3.53502752750753,NaN,0.833381603521817,NaN,0.00389201000629094,0.00672807612771668
WeOhSweep20241108T224058.mat,-1.4487494865424,0.00199526231496888,0.0189312135804878,0.0303767049367025,"Version v3 (rhoS=9.60e-01, sigmaS=2.05e+01, R=2.03e-02)",90,2.94085520803909,3.2785688168365,0.905740727567967,0.842872264434901,0.00450039274315725,0.00732221354560446
WeOhSweep20241108T224443.mat,-0.182386754393198,3.16227766016838e-05,0,0.0303767049367025,"Version v3 (rhoS=9.60e-01, sigmaS=2.05e+01, R=2.03e-02)",90,3.01140458136071,NaN,0.970092267216505,NaN,0.001274292906433,0.00452912035111927
WeOhSweep20241108T224629.mat,-0.363909417790234,0.000125892541179417,0,0.0303767049367025,"Version v3 (rhoS=9.60e-01, sigmaS=2.05e+01, R=2.03e-02)",90,2.83480209164977,3.93286888648861,0.961050183353428,0.961050183353428,0.00152497273129074,0.00485622262049577
WeOhSweep20241108T224957.mat,-0.726094747379119,0.000501187233627273,0,0.0303767049367025,"Version v3 (rhoS=9.60e-01, sigmaS=2.05e+01, R=2.03e-02)",90,2.6508697969184,3.20437111882389,0.951843855208026,0.951843855208026,0.0022798162099058,0.00541869357904725
WeOhSweep20241108T225046.mat,-1.4487494865424,0.00199526231496888,0,0.0303767049367025,"Version v3 (rhoS=9.60e-01, sigmaS=2.05e+01, R=2.03e-02)",90,2.44036695898799,2.78033785209034,0.941787360073127,0.941787360073127,0.00326546523335203,0.00631241494950649
WeOhSweep20241108T225343.mat,-0.162552365956107,2.51188643150958e-05,0.0189312135804878,0.0303767049367025,"Version v3 (rhoS=9.60e-01, sigmaS=2.05e+01, R=2.03e-02)",90,NaN,NaN,NaN,NaN,0.00332741001667142,0.00645732427939901
WeOhSweep20241108T225524.mat,-0.324334610001251,0.0001,0.0189312135804878,0.0303767049367025,"Version v3 (rhoS=9.60e-01, sigmaS=2.05e+01, R=2.03e-02)",90,NaN,NaN,NaN,NaN,0.00339710116213617,0.00649621794761408
WeOhSweep20241108T225922.mat,-0.647132624775624,0.000398107170553497,0.0189312135804878,0.0303767049367025,"Version v3 (rhoS=9.60e-01, sigmaS=2.05e+01, R=2.03e-02)",90,3.64749422328972,NaN,0.80651671483686,NaN,0.00389165622947173,0.00668927683885571
WeOhSweep20241108T230003.mat,-1.2911993390017,0.00158489319246111,0.0189312135804878,0.0303767049367025,"Version v3 (rhoS=9.60e-01, sigmaS=2.05e+01, R=2.03e-02)",90,3.02446079655334,3.42979758727307,0.901623934133226,0.801037254603744,0.0043387432169152,0.00717248497657874
WeOhSweep20241108T230246.mat,-0.162552365956107,2.51188643150958e-05,0,0.0303767049367025,"Version v3 (rhoS=9.60e-01, sigmaS=2.05e+01, R=2.03e-02)",90,3.04667926802152,NaN,0.969256316914106,NaN,0.00127451250784854,0.0044882312657986
WeOhSweep20241108T230446.mat,-0.324334610001251,0.0001,0,0.0303767049367025,"Version v3 (rhoS=9.60e-01, sigmaS=2.05e+01, R=2.03e-02)",90,2.85885301437305,4.11716636901019,0.963163739319278,0.963163739319278,0.00143968281949097,0.0047741039656944
WeOhSweep20241108T230838.mat,-0.647132624775624,0.000398107170553497,0,0.0303767049367025,"Version v3 (rhoS=9.60e-01, sigmaS=2.05e+01, R=2.03e-02)",90,2.68179241184833,3.29216794997355,0.954346215381531,0.954346215381531,0.00203121962721163,0.00529865492526767
WeOhSweep20241108T230951.mat,-1.2911993390017,0.00158489319246111,0,0.0303767049367025,"Version v3 (rhoS=9.60e-01, sigmaS=2.05e+01, R=2.03e-02)",90,2.4774740969039,2.84863085600055,0.942743065504961,0.942743065504961,0.00326707848234607,0.00616062182787217
WeOhSweep20241108T231142.mat,-0.14487494865424,1.99526231496888e-05,0.0189312135804878,0.0303767049367025,"Version v3 (rhoS=9.60e-01, sigmaS=2.05e+01, R=2.03e-02)",90,NaN,NaN,NaN,NaN,0.00332733260481067,0.00645709926548041
WeOhSweep20241108T231344.mat,-0.289063525432857,7.94328234724282e-05,0.0189312135804878,0.0303767049367025,"Version v3 (rhoS=9.60e-01, sigmaS=2.05e+01, R=2.03e-02)",90,NaN,NaN,NaN,NaN,0.00339662430326595,0.00649529390767305
WeOhSweep20241108T231806.mat,-0.576757558928228,0.000316227766016838,0.0189312135804878,0.0303767049367025,"Version v3 (rhoS=9.60e-01, sigmaS=2.05e+01, R=2.03e-02)",90,3.7661454420579,NaN,0.770947784960049,NaN,0.00372568079853791,0.00664987291152428
WeOhSweep20241108T231927.mat,-1.15078262220294,0.00125892541179417,0.0189312135804878,0.0303767049367025,"Version v3 (rhoS=9.60e-01, sigmaS=2.05e+01, R=2.03e-02)",90,3.11333468242603,3.62341773951843,0.894373105260786,0.705448342797544,0.00401543112623995,0.00706084561174255
WeOhSweep20241108T232050.mat,-0.14487494865424,1.99526231496888e-05,0,0.0303767049367025,"Version v3 (rhoS=9.60e-01, sigmaS=2.05e+01, R=2.03e-02)",90,3.0686686830828,NaN,0.968737129478646,NaN,0.00118778299289527,0.00444676244957308
WeOhSweep20241108T232308.mat,-0.289063525432857,7.94328234724282e-05,0,0.0303767049367025,"Version v3 (rhoS=9.60e-01, sigmaS=2.05e+01, R=2.03e-02)",90,2.88519450116521,4.32988345652689,0.965204392784922,0.965204392784922,0.00135668037085528,0.00473350565978497
WeOhSweep20241108T232727.mat,-0.576757558928228,0.000316227766016838,0,0.0303767049367025,"Version v3 (rhoS=9.60e-01, sigmaS=2.05e+01, R=2.03e-02)",90,2.71477653444026,3.39280026490005,0.956548218037718,0.956548218037718,0.00203215920370907,0.00521886226517197
WeOhSweep20241108T232919.mat,-1.15078262220294,0.00125892541179417,0,0.0303767049367025,"Version v3 (rhoS=9.60e-01, sigmaS=2.05e+01, R=2.03e-02)",90,2.51091633230961,2.91005634008335,0.945221462768606,0.945221462768605,0.0028471157382962,0.005967376183226
WeOhSweep20241108T232945.mat,-0.12911993390017,1.58489319246111e-05,0.0189312135804878,0.0303767049367025,"Version v3 (rhoS=9.60e-01, sigmaS=2.05e+01, R=2.03e-02)",90,NaN,NaN,NaN,NaN,0.00332727735237242,0.00645682582956099
WeOhSweep20241108T233454.mat,-5.76757558928228,0.0316227766016838,0.0189312135804878,0.0303767049367025,"Version v3 (rhoS=9.60e-01, sigmaS=2.05e+01, R=2.03e-02)",90,2.04455748788488,2.15365915763148,0.900826878166167,0.89825577399255,0.00717325603653275,0.00989807322609422
WeOhSweep20241108T233638.mat,-2.89063525432857,0.00794328234724281,0.0189312135804878,0.0303767049367025,"Version v3 (rhoS=9.60e-01, sigmaS=2.05e+01, R=2.03e-02)",90,2.45548468184262,2.65696923422965,0.904975649998007,0.894371098218731,0.00567493952732835,0.00836770910018725
WeOhSweep20241108T233847.mat,-8.14691706131093,0.0630957344480193,0.0189312135804878,0.0303767049367025,"Version v3 (rhoS=9.60e-01, sigmaS=2.05e+01, R=2.03e-02)",90,1.88788290557323,1.96604112555248,0.890348535331274,0.888933266091656,0.0083367440946846,0.0110328307360717
WeOhSweep20241108T234002.mat,-4.08313082454925,0.0158489319246111,0.0189312135804878,0.0303767049367025,"Version v3 (rhoS=9.60e-01, sigmaS=2.05e+01, R=2.03e-02)",90,2.23055129027824,2.38663935383472,0.90399386344359,0.898905285749258,0.00625106348806248,0.00906192897708059
WeOhSweep20241108T234052.mat,-5.76757558928228,0.0316227766016838,0,0.0303767049367025,"Version v3 (rhoS=9.60e-01, sigmaS=2.05e+01, R=2.03e-02)",90,1.96622019672905,2.07165653742679,0.915560003594534,0.915560003594534,0.00673052587462556,0.0094655567910256
WeOhSweep20241108T234408.mat,-8.14691706131093,0.0630957344480193,0,0.0303767049367025,"Version v3 (rhoS=9.60e-01, sigmaS=2.05e+01, R=2.03e-02)",90,1.8471108651471,1.92389459625687,0.900366297443326,0.900366297443326,0.00787456187154013,0.0107053516643091
WeOhSweep20241108T234428.mat,-2.89063525432857,0.00794328234724281,0,0.0303767049367025,"Version v3 (rhoS=9.60e-01, sigmaS=2.05e+01, R=2.03e-02)",90,2.20741659318251,2.40340027462787,0.931281261550357,0.931281261550357,0.004611947855048,0.00761082045085084
WeOhSweep20241108T234650.mat,-4.08313082454925,0.0158489319246111,0,0.0303767049367025,"Version v3 (rhoS=9.60e-01, sigmaS=2.05e+01, R=2.03e-02)",90,2.08784914878678,2.23156694940852,0.924651198544607,0.924651198544607,0.00568210196767877,0.00845737104176937
WeOhSweep20241108T234717.mat,-5.14035715470512,0.0251188643150958,0.0189312135804878,0.0303767049367025,"Version v3 (rhoS=9.60e-01, sigmaS=2.05e+01, R=2.03e-02)",90,2.10296687164141,2.22536258017,0.90251328623572,0.899313125518971,0.0068098050177677,0.00960079853175117
WeOhSweep20241108T235005.mat,-7.26094747379119,0.0501187233627273,0.0189312135804878,0.0303767049367025,"Version v3 (rhoS=9.60e-01, sigmaS=2.05e+01, R=2.03e-02)",90,1.93758814586801,2.0246857088725,0.894962161116764,0.893254392292286,0.00784260552259843,0.0106251430572329
WeOhSweep20241109T153229-3.mat,-2.57628138222282,0.00630957344480193,0.0189312135804878,0.0303767049367025,"Version v3 (rhoS=9.60e-01, sigmaS=2.05e+01, R=2.03e-02)",90,2.53679970628799,2.74563271980051,0.906333604686836,0.892793410687328,0.00514155354993135,0.00814971567292283
WeOhSweep20241109T153344.mat,-5.14035715470512,0.0251188643150958,0,0.0303767049367025,"Version v3 (rhoS=9.60e-01, sigmaS=2.05e+01, R=2.03e-02)",90,2.00676318074829,2.12343187469317,0.919133350903027,0.919133350903027,0.00625532119476742,0.00908901055042428
WeOhSweep20241109T153358.mat,-3.63909417790234,0.0125892541179417,0.0189312135804878,0.0303767049367025,"Version v3 (rhoS=9.60e-01, sigmaS=2.05e+01, R=2.03e-02)",90,2.3001844379723,2.47415154715092,0.904405005034699,0.89793876719551,0.00599335414011777,0.00881927928463015
WeOhSweep20241109T153549.mat,-7.26094747379119,0.0501187233627273,0,0.0303767049367025,"Version v3 (rhoS=9.60e-01, sigmaS=2.05e+01, R=2.03e-02)",90,1.88627951072501,1.97154440965518,0.906415035075775,0.906415035075775,0.00736874704919012,0.0102669977487524
WeOhSweep20241109T154048.mat,-4.58134813647345,0.0199526231496888,0.0189312135804878,0.0303767049367025,"Version v3 (rhoS=9.60e-01, sigmaS=2.05e+01, R=2.03e-02)",90,2.16412493228061,2.30210636661047,0.90354828117715,0.899530453707044,0.00646572887999921,0.00933161847228569
WeOhSweep20241109T154127.mat,-3.63909417790234,0.0125892541179417,0,0.0303767049367025,"Version v3 (rhoS=9.60e-01, sigmaS=2.05e+01, R=2.03e-02)",90,2.12793401999224,2.28655261978404,0.927166920829024,0.927166920829024,0.00518365713091956,0.00816671628105435
WeOhSweep20241109T154130.mat,-2.57628138222282,0.00630957344480193,0,0.0303767049367025,"Version v3 (rhoS=9.60e-01, sigmaS=2.05e+01, R=2.03e-02)",90,2.24750146438798,2.46617886804107,0.932794239119516,0.932794239119516,0.00450783066473976,0.00738601049168914
WeOhSweep20241109T154213.mat,-6.47132624775624,0.0398107170553497,0.0189312135804878,0.0303767049367025,"Version v3 (rhoS=9.60e-01, sigmaS=2.05e+01, R=2.03e-02)",90,1.98958395023167,2.08699596266944,0.89847194732608,0.896389380865698,0.00736391139235594,0.010235898928
WeOhSweep20241109T154748.mat,-4.58134813647345,0.0199526231496888,0,0.0303767049367025,"Version v3 (rhoS=9.60e-01, sigmaS=2.05e+01, R=2.03e-02)",90,2.04707710836065,2.17635354204828,0.922171686866083,0.922171686866083,0.00581847555792786,0.0087585638413572
WeOhSweep20241109T154817.mat,-6.47132624775624,0.0398107170553497,0,0.0303767049367025,"Version v3 (rhoS=9.60e-01, sigmaS=2.05e+01, R=2.03e-02)",90,1.9259062691167,2.02079835986732,0.911463891818947,0.911463891818947,0.00708744397688903,0.00986216062086937
WeOhSweep20241109T154918.mat,-3.24334610001251,0.01,0.0189312135804878,0.0303767049367025,"Version v3 (rhoS=9.60e-01, sigmaS=2.05e+01, R=2.03e-02)",90,2.3771473906868,2.56510128770744,0.904704884565445,0.89644622231284,0.00570704829690233,0.00857555326125661
WeOhSweep20241109T155029.mat,-2.29611319880259,0.00501187233627273,0.0189312135804878,0.0303767049367025,"Version v3 (rhoS=9.60e-01, sigmaS=2.05e+01, R=2.03e-02)",90,2.61765661791959,2.83910916442342,0.90711887354471,0.889565490452603,0.0050968860878427,0.00794066088529786
WeOhSweep20241109T155335.mat,-14.487494865424,0.199526231496888,0,0.0303767049367025,"Version v3 (rhoS=9.60e-01, sigmaS=2.05e+01, R=2.03e-02)",90,1.66340762682262,1.70855976314832,0.847849074960626,0.847849074960626,0.0106321483405647,0.0132805137207462
WeOhSweep20241109T155346.mat,-16.2552365956107,0.251188643150958,0.0189312135804878,0.0303767049367025,"Version v3 (rhoS=9.60e-01, sigmaS=2.05e+01, R=2.03e-02)",90,1.63912764769245,1.6801537399445,0.826834133355458,0.82625546429039,0.0113195493185243,0.0140250187948534
WeOhSweep20241109T155714.mat,-3.24334610001251,0.01,0,0.0303767049367025,"Version v3 (rhoS=9.60e-01, sigmaS=2.05e+01, R=2.03e-02)",90,2.16801889119771,2.34566278589957,0.928998456928504,0.928998456928504,0.00510165692122707,0.00789494018581077
WeOhSweep20241109T155823.mat,-16.2552365956107,0.251188643150958,0,0.0303767049367025,"Version v3 (rhoS=9.60e-01, sigmaS=2.05e+01, R=2.03e-02)",90,1.62927822219625,1.67007523918902,0.831868673755971,0.831868673755971,0.0112408401333346,0.0138754744444324
WeOhSweep20241109T155846.mat,-12.911993390017,0.158489319246111,0.0189312135804878,0.0303767049367025,"Version v3 (rhoS=9.60e-01, sigmaS=2.05e+01, R=2.03e-02)",90,1.71402909274495,1.76445298354358,0.855700210837318,0.854948668078827,0.0101691627638129,0.0129088079680693
WeOhSweep20241109T160007.mat,-2.29611319880259,0.00501187233627273,0,0.0303767049367025,"Version v3 (rhoS=9.60e-01, sigmaS=2.05e+01, R=2.03e-02)",90,2.28529577152456,2.52666898852859,0.934886239559976,0.934886239559976,0.00409581266548679,0.0071360176740187
WeOhSweep20241109T160316.mat,-14.487494865424,0.199526231496888,0.0189312135804878,0.0303767049367025,"Version v3 (rhoS=9.60e-01, sigmaS=2.05e+01, R=2.03e-02)",90,1.6755476163877,1.72115789216732,0.842282335250623,0.841624939281001,0.0107154091601032,0.0134512052973686
WeOhSweep20241109T160347.mat,-12.911993390017,0.158489319246111,0,0.0303767049367025,"Version v3 (rhoS=9.60e-01, sigmaS=2.05e+01, R=2.03e-02)",90,1.69845325707654,1.74841899741264,0.8618846873085,0.8618846873085,0.0100483051619327,0.0127137331334801
WeOhSweep20241109T160352.mat,-11.5078262220294,0.125892541179417,0.0189312135804878,0.0303767049367025,"Version v3 (rhoS=9.60e-01, sigmaS=2.05e+01, R=2.03e-02)",90,1.75411396395042,1.81026811718949,0.867112156320248,0.866245886477343,0.0096753142489379,0.0123954839886981
WeOhSweep20241109T160604.mat,-18.2386754393198,0.316227766016838,0.0189312135804878,0.0303767049367025,"Version v3 (rhoS=9.60e-01, sigmaS=2.05e+01, R=2.03e-02)",90,1.60408201743853,1.64121142908522,0.809396324150284,0.808884755858432,0.0119550923216104,0.0146295799926896
WeOhSweep20241109T160701.mat,-10.2563609162638,0.1,0,0.0303767049367025,"Version v3 (rhoS=9.60e-01, sigmaS=2.05e+01, R=2.03e-02)",90,1.77106413806016,1.83294895311045,0.884367457934948,0.884367457934948,0.00893941280745134,0.0116595930624972
WeOhSweep20241109T160754.mat,-20.4641304249408,0.398107170553497,0,0.0303767049367025,"Version v3 (rhoS=9.60e-01, sigmaS=2.05e+01, R=2.03e-02)",90,1.56445525904684,1.59791733404463,0.794251733517704,0.794251733517704,0.0125414867546762,0.0151504396164643
WeOhSweep20241109T160904.mat,-11.5078262220294,0.125892541179417,0,0.0303767049367025,"Version v3 (rhoS=9.60e-01, sigmaS=2.05e+01, R=2.03e-02)",90,1.73418605655113,1.78988204376311,0.874026554968055,0.874026554968055,0.00948561162249756,0.0121727963472097
WeOhSweep20241109T161040.mat,-18.2386754393198,0.316227766016838,0,0.0303767049367025,"Version v3 (rhoS=9.60e-01, sigmaS=2.05e+01, R=2.03e-02)",90,1.59629409960433,1.63342349790869,0.813974148333274,0.813974148333274,0.0118773894956569,0.0144984199963665
WeOhSweep20241109T161259.mat,-9.14099128845838,0.0794328234724281,0.0189312135804878,0.0303767049367025,"Version v3 (rhoS=9.60e-01, sigmaS=2.05e+01, R=2.03e-02)",90,1.84069728575422,1.9108330679388,0.884275861716493,0.883088236084389,0.00882689649663936,0.011464884869471
WeOhSweep20241109T161322.mat,-28.9063525432857,0.794328234724282,0,0.0303767049367025,"Version v3 (rhoS=9.60e-01, sigmaS=2.05e+01, R=2.03e-02)",90,1.4746651475466,1.50056256688057,0.726061924018942,0.726061924018942,0.0147229533584395,0.0172907283990272
WeOhSweep20241109T161442.mat,-10.2563609162638,0.1,0.0189312135804878,0.0303767049367025,"Version v3 (rhoS=9.60e-01, sigmaS=2.05e+01, R=2.03e-02)",90,1.79626034281788,1.85906145872038,0.876595424001693,0.875586880008354,0.00924524629606198,0.0119151421694963
WeOhSweep20241109T161610.mat,-25.7628138222282,0.630957344480193,0,0.0303767049367025,"Version v3 (rhoS=9.60e-01, sigmaS=2.05e+01, R=2.03e-02)",90,1.50352625481454,1.53171595200996,0.750054160723929,0.750054160723929,0.0139638323066178,0.0165463913651258
WeOhSweep20241109T161710.mat,-22.9611319880259,0.501187233627272,0,0.0303767049367025,"Version v3 (rhoS=9.60e-01, sigmaS=2.05e+01, R=2.03e-02)",90,1.53330358771002,1.56424388469501,0.772883215145537,0.772883215145537,0.0132364136227466,0.0158329132040921
WeOhSweep20241109T161738.mat,-25.7628138222282,0.630957344480193,0.0189312135804878,0.0303767049367025,"Version v3 (rhoS=9.60e-01, sigmaS=2.05e+01, R=2.03e-02)",90,1.50742021373164,1.53560991565827,0.746608256833146,0.746252021955381,0.0140200285071613,0.0166332299705482
WeOhSweep20241109T161833.mat,-9.14099128845838,0.0794328234724281,0,0.0303767049367025,"Version v3 (rhoS=9.60e-01, sigmaS=2.05e+01, R=2.03e-02)",90,1.80885844519674,1.87761978257743,0.893098619515982,0.893098619515982,0.008404403320974,0.0111712305935825
WeOhSweep20241109T162021.mat,-28.9063525432857,0.794328234724282,0.0189312135804878,0.0303767049367025,"Version v3 (rhoS=9.60e-01, sigmaS=2.05e+01, R=2.03e-02)",90,1.47764288083615,1.50354030351914,0.722927694368355,0.722612564795601,0.0147756842691071,0.017365218941399
WeOhSweep20241109T162143.mat,-32.4334610001251,1,0,0.0303767049367025,"Version v3 (rhoS=9.60e-01, sigmaS=2.05e+01, R=2.03e-02)",90,1.44683479410966,1.47066917836239,0.701156062960498,0.701156062960498,0.0155184713080826,0.0180665732776369
WeOhSweep20241109T162343.mat,-22.9611319880259,0.501187233627272,0.0189312135804878,0.0303767049367025,"Version v3 (rhoS=9.60e-01, sigmaS=2.05e+01, R=2.03e-02)",90,1.53834282866157,1.56905407592371,0.769082476604339,0.768680482458795,0.0133197281058135,0.0159336718787581
WeOhSweep20241109T182034.mat,-20.4641304249408,0.398107170553497,0.0189312135804878,0.0303767049367025,"Version v3 (rhoS=9.60e-01, sigmaS=2.05e+01, R=2.03e-02)",90,1.57041072562594,1.60433092288082,0.790095494408526,0.789642190839002,0.0126395204274752,0.0152649596051042
WeOhSweep20241109T182207.mat,-32.4334610001251,1,0.0189312135804878,0.0303767049367025,"Version v3 (rhoS=9.60e-01, sigmaS=2.05e+01, R=2.03e-02)",90,1.44935441458543,1.47318880120886,0.698298916958571,0.698020830943252,0.0155618092268162,0.0181317346326728
directComparison20241114T133132.mat,-12.8064948981505,0.15591,0.0189312135804878,0.0303767049367025,"Version v3 (rhoS=9.60e-01, sigmaS=2.05e+01, R=2.03e-02)",90,1.71677776962761,1.76766003320886,0.85657490972278,0.85581591871462,0.0101153846802612,0.0128700860727187
directComparison20241114T133216.mat,-16.3649229763842,0.25459,0.0189312135804878,0.0303767049367025,"Version v3 (rhoS=9.60e-01, sigmaS=2.05e+01, R=2.03e-02)",90,1.63706614003046,1.67786300809253,0.82587477510681,0.825300333686563,0.0114321627846486,0.0140605436864307
directComparison20241114T133651.mat,-8.07632254416813,0.062007,0.0189312135804878,0.0303767049367025,"Version v3 (rhoS=9.60e-01, sigmaS=2.05e+01, R=2.03e-02)",90,1.89154780808344,1.97039363688119,0.890749527295159,0.889314693452085,0.00832409155218406,0.011003010310208
directComparison20241114T133744.mat,-10.0416006613669,0.095856,0.0189312135804878,0.0303767049367025,"Version v3 (rhoS=9.60e-01, sigmaS=2.05e+01, R=2.03e-02)",90,1.80427731705897,1.86822456655018,0.878129508737129,0.877091049182332,0.00898734399894219,0.0118225640444165
directComparison20241114T133950.mat,-61.3678451462832,3.5801,0.0189312135804878,0.0303767049367025,"Version v3 (rhoS=9.60e-01, sigmaS=2.05e+01, R=2.03e-02)",90,1.31237868326619,1.32864830434767,0.557979314119793,0.557848743639817,0.0204822552418399,0.0230160807855058
directComparison20241114T134327.mat,-29.3460994854207,0.81868,0.0189312135804878,0.0303767049367025,"Version v3 (rhoS=9.60e-01, sigmaS=2.05e+01, R=2.03e-02)",90,1.47374892191905,1.49941707757923,0.719745258912578,0.719435207018826,0.0148927188976144,0.0174694139584835
directComparison20241114T134405.mat,-5.00127754614719,0.023778,0.0189312135804878,0.0303767049367025,"Version v3 (rhoS=9.60e-01, sigmaS=2.05e+01, R=2.03e-02)",90,2.11739742527538,2.24346028514394,0.902722650929088,0.899343424852811,0.00680422006845614,0.00953949393620541
directComparison20241114T134620.mat,-49.1888482846112,2.3001,0.0189312135804878,0.0303767049367025,"Version v3 (rhoS=9.60e-01, sigmaS=2.05e+01, R=2.03e-02)",90,1.35589940057498,1.37446122411575,0.606072964793763,0.605901044949471,0.0186349718515964,0.0212217321908016
directComparison20241114T134647.mat,-38.4360460863504,1.4044,0.0189312135804878,0.0303767049367025,"Version v3 (rhoS=9.60e-01, sigmaS=2.05e+01, R=2.03e-02)",90,1.40926954337997,1.43081141005292,0.660946141913861,0.660716267753002,0.0167925506874155,0.0193450162095249
